Player,Rating,Team,Team within selected timeframe,Position,Age,Market value,Contract expires,Matches played,Minutes played,Goals,xG,Assists,xA,Duels per 90,"Duels won, %",Birth country,Passport country,Foot,Height,Weight,On loan,Successful defensive actions per 90,Defensive duels per 90,"Defensive duels won, %",Aerial duels per 90,"Aerial duels won, %",Sliding tackles per 90,PAdj Sliding tackles,Shots blocked per 90,Interceptions per 90,PAdj Interceptions,Fouls per 90,Yellow cards,Yellow cards per 90,Red cards,Red cards per 90,Successful attacking actions per 90,Goals per 90,Non-penalty goals,Non-penalty goals per 90,xG per 90,Head goals,Head goals per 90,Shots,Shots per 90,"Shots on target, %","Goal conversion, %",Assists per 90,Crosses per 90,"Accurate crosses, %",Crosses from left flank per 90,"Accurate crosses from left flank, %",Crosses from right flank per 90,"Accurate crosses from right flank, %",Crosses to goalie box per 90,Dribbles per 90,"Successful dribbles, %",Offensive duels per 90,"Offensive duels won, %",Touches in box per 90,Progressive runs per 90,Accelerations per 90,Received passes per 90,Received long passes per 90,Fouls suffered per 90,Passes per 90,"Accurate passes, %",Forward passes per 90,"Accurate forward passes, %",Back passes per 90,"Accurate back passes, %",Lateral passes per 90,"Accurate lateral passes, %",Short / medium passes per 90,"Accurate short / medium passes, %",Long passes per 90,"Accurate long passes, %","Average pass length, m","Average long pass length, m",xA per 90,Shot assists per 90,Second assists per 90,Third assists per 90,Smart passes per 90,"Accurate smart passes, %",Key passes per 90,Passes to final third per 90,"Accurate passes to final third, %",Passes to penalty area per 90,"Accurate passes to penalty area, %",Through passes per 90,"Accurate through passes, %",Deep completions per 90,Deep completed crosses per 90,Progressive passes per 90,"Accurate progressive passes, %",Conceded goals,Conceded goals per 90,Shots against,Shots against per 90,Clean sheets,"Save rate, %",xG against,xG against per 90,Prevented goals,Prevented goals per 90,Back passes received as GK per 90,Exits per 90,Aerial duels per 90.1,Free kicks per 90,Direct free kicks per 90,"Direct free kicks on target, %",Corners per 90,Penalties taken,"Penalty conversion, %"
R. Falk,76,København,København,"DMF, RCMF, RDMF",30,1000000,2025-06-30,22,1968,0,0.83,3,2.57,19.34,48.94,Denmark,Denmark,right,177,65,no,10.75,6.63,66.21,1.33,51.72,0.64,0.79,0.23,5.72,7.09,0.46,3,0.14,0,0.0,2.06,0.0,0,0.0,0.04,0,0.0,8,0.37,37.5,0.0,0.14,0.64,35.71,0.41,44.44,0.23,20.0,0.14,3.38,44.59,7.82,38.01,1.05,0.91,0.41,42.12,0.27,1.46,60.91,88.74,16.97,80.05,11.57,95.26,20.49,93.3,56.8,91.3,3.48,56.58,15.88,28.65,0.12,0.82,0.14,0.05,0.69,26.67,0.41,6.81,78.52,1.88,63.41,1.05,26.09,1.33,0.27,7.68,73.81,0,,0,,0,0.0,0.0,0.0,,,0.59,,,0.0,0.0,0.0,0.0,0,0
E. Sviatchenko,76,Midtjylland,Midtjylland,CB,30,1500000,2024-06-30,25,2052,4,2.15,0,0.58,18.73,63.23,Denmark,"Denmark, Ukraine",right,184,82,no,10.7,5.66,72.87,7.41,56.8,0.31,0.4,0.35,6.27,8.16,1.05,4,0.18,0,0.0,0.96,0.18,4,0.18,0.09,4,0.18,19,0.83,52.63,21.053,0.0,0.09,50.0,0.04,0.0,0.0,0.0,0.04,0.61,78.57,1.62,64.86,1.54,0.22,0.0,30.44,0.18,0.75,47.94,85.36,15.79,68.33,2.85,92.31,25.57,95.54,41.97,91.75,5.88,40.3,21.31,39.73,0.03,0.13,0.0,0.0,0.0,0.0,0.04,5.92,48.15,0.7,18.75,0.31,42.86,0.26,0.04,6.14,65.0,0,,0,,0,0.0,0.0,0.0,,,2.15,,,0.0,0.0,0.0,0.0,0,0
V. Claesson,75,København,København,"LWF, LW, LAMF",30,7000000,2026-06-30,10,778,1,2.43,3,2.54,18.62,40.37,Sweden,Sweden,right,183,80,no,5.78,4.28,54.05,3.35,48.28,0.23,0.31,0.23,3.24,4.29,0.46,0,0.0,0,0.0,1.85,0.12,1,0.12,0.28,1,0.12,13,1.5,30.77,7.692,0.35,0.69,16.67,0.46,0.0,0.12,100.0,0.0,1.97,29.41,6.94,31.67,3.47,0.81,0.35,26.61,1.97,1.27,35.75,84.79,7.63,66.67,9.14,89.87,9.25,93.75,33.66,86.6,1.39,75.0,14.01,16.42,0.29,1.39,0.0,0.0,1.27,54.55,1.16,3.93,61.76,1.74,66.67,1.16,50.0,2.2,0.12,3.7,78.13,0,,0,,0,0.0,0.0,0.0,,,0.12,,,0.0,0.0,0.0,0.0,0,0
A. Dreyer,74,Rubin Kazan',Midtjylland,"CF, RWF",24,8000000,2026-06-30,16,1454,8,6.05,7,4.24,9.84,35.85,Denmark,Denmark,left,174,69,no,2.29,2.17,42.86,0.74,8.33,0.12,0.15,0.0,1.24,1.52,0.25,0,0.0,0,0.0,4.09,0.5,8,0.5,0.37,0,0.0,46,2.85,52.17,17.391,0.43,1.3,42.86,0.56,66.67,0.68,18.18,0.37,2.85,54.35,5.39,39.08,5.01,1.42,0.74,19.93,1.05,0.37,24.33,77.35,6.87,59.46,5.14,96.39,6.44,80.77,21.35,81.74,1.67,48.15,17.36,35.78,0.26,2.35,0.06,0.12,1.05,47.06,0.68,2.6,64.29,2.54,63.41,1.24,45.0,2.23,0.56,3.53,77.19,0,,0,,0,0.0,0.0,0.0,,,0.19,,,0.62,0.0,0.0,2.6,0,0
N. Vallys,73,Silkeborg,Silkeborg,"LWF, AMF",25,1500000,2026-06-30,32,2961,10,11.78,7,4.93,20.79,40.5,Denmark,Denmark,right,189,82,no,4.98,4.35,59.44,2.34,36.36,0.21,0.26,0.03,2.19,2.65,0.7,3,0.09,0,0.0,4.29,0.3,10,0.3,0.36,1,0.03,91,2.77,40.66,10.989,0.21,1.46,31.25,1.19,30.77,0.27,33.33,0.27,4.32,45.07,10.7,33.52,4.41,3.34,1.7,43.13,1.91,0.64,53.16,83.08,12.67,71.46,11.98,94.67,18.57,85.27,47.72,85.73,4.13,68.38,17.56,41.53,0.15,0.97,0.09,0.06,1.43,53.19,0.55,6.17,75.86,3.28,62.04,1.22,45.0,1.91,0.46,7.26,73.64,0,,0,,0,0.0,0.0,0.0,,,0.21,,,0.0,0.0,0.0,0.58,0,0
D. Vavro,73,København,København,RCB,26,3000000,2026-06-30,14,1351,1,0.61,1,1.13,11.39,54.39,Slovakia,Slovakia,right,189,81,no,10.59,3.26,71.43,4.6,57.97,0.27,0.31,0.87,7.99,9.28,0.47,4,0.27,0,0.0,0.87,0.07,1,0.07,0.04,0,0.0,14,0.93,21.43,7.143,0.07,0.53,50.0,0.0,0.0,0.53,50.0,0.13,0.8,50.0,1.13,47.06,0.4,1.33,0.47,34.24,0.33,0.27,52.56,86.57,23.85,79.61,3.2,100.0,21.05,93.04,45.23,91.75,6.79,54.9,21.86,43.78,0.08,0.27,0.0,0.07,0.0,0.0,0.2,8.13,70.49,0.87,30.77,0.4,16.67,0.2,0.27,10.13,76.97,0,,0,,0,0.0,0.0,0.0,,,2.53,,,0.27,0.2,33.33,0.0,0,0
D. Khocholava,73,København,København,"RCB, LCB",29,3000000,2025-06-30,22,1970,1,0.8,1,0.24,14.66,52.65,Georgia,Georgia,right,192,88,no,8.73,4.61,60.4,5.21,51.75,0.69,0.92,0.69,5.25,7.08,0.96,10,0.46,0,0.0,0.32,0.05,1,0.05,0.04,1,0.05,6,0.27,50.0,16.667,0.05,0.09,50.0,0.0,0.0,0.09,50.0,0.0,0.32,28.57,1.42,29.03,0.87,0.59,0.18,35.54,0.37,0.23,50.12,89.15,16.86,74.8,2.74,95.0,25.9,97.88,45.46,93.17,4.57,50.0,21.21,38.33,0.01,0.09,0.0,0.0,0.05,100.0,0.0,5.44,70.59,0.18,0.0,0.46,20.0,0.23,0.05,7.95,68.97,0,,0,,0,0.0,0.0,0.0,,,2.01,,,0.0,0.0,0.0,0.0,0,0
K. Grabara,73,København,København,GK,23,4000000,2026-06-30,32,3110,0,0.0,0,0.0,0.95,90.91,Poland,Poland,right,195,80,no,1.27,0.09,66.67,0.78,96.3,0.03,0.04,0.0,1.19,1.5,0.03,3,0.09,0,0.0,0.0,0.0,0,0.0,0.0,0,0.0,0,0.0,0.0,0.0,0.0,0.0,0.0,0.0,0.0,0.0,0.0,0.0,0.0,0.0,0.03,100.0,0.0,0.0,0.0,10.1,0.06,0.12,16.03,83.21,10.45,75.9,0.0,0.0,4.98,96.51,8.51,97.28,7.5,67.57,35.56,49.11,0.0,0.0,0.0,0.03,0.0,0.0,0.0,2.37,58.54,0.03,0.0,0.14,20.0,0.0,0.0,5.38,79.03,19,0.55,97,2.81,18,80.41,29.02,0.84,10.02,0.29,0.0,1.62,0.78,,,,0.0,0,0
J. Andersson,73,Midtjylland,Midtjylland,RWB,25,2000000,2026-12-31,31,2752,1,1.14,6,3.7,11.51,49.15,Sweden,Sweden,right,178,68,no,6.77,5.27,57.14,2.22,55.88,0.2,0.24,0.1,3.56,4.42,0.46,2,0.07,0,0.0,1.5,0.03,1,0.03,0.04,0,0.0,9,0.29,33.33,11.111,0.2,2.49,36.84,0.1,33.33,2.32,36.62,0.23,0.95,41.38,2.42,32.43,1.11,1.01,0.56,26.98,2.42,0.39,37.77,76.28,12.75,62.31,7.91,96.28,11.12,76.47,29.79,85.4,5.63,44.77,20.37,37.44,0.12,0.88,0.03,0.0,0.36,27.27,0.56,5.76,55.68,3.24,50.51,0.88,29.63,1.14,0.92,8.34,74.51,0,,0,,0,0.0,0.0,0.0,,,1.01,,,0.0,0.0,0.0,0.33,0,0
A. Maxsø,73,Brøndby,Brøndby,"CB, RCB",28,2500000,2023-06-30,27,2536,1,1.85,1,0.54,11.96,62.91,Denmark,Denmark,right,192,89,no,8.69,4.15,71.79,4.01,59.29,0.21,0.27,1.06,5.5,6.92,0.57,4,0.14,1,0.04,0.35,0.04,0,0.0,0.07,0,0.0,11,0.39,27.27,9.091,0.04,0.14,50.0,0.07,50.0,0.04,100.0,0.0,0.21,83.33,0.78,36.36,0.71,0.99,0.21,37.51,0.39,0.67,54.69,91.5,14.91,78.33,2.59,97.26,33.5,97.88,50.29,94.64,4.26,55.83,21.24,37.61,0.02,0.14,0.0,0.0,0.0,0.0,0.04,4.68,64.39,0.53,20.0,0.5,21.43,0.32,0.07,5.68,69.38,0,,0,,0,0.0,0.0,0.0,,,2.16,,,0.0,0.0,0.0,0.0,1,100
N. Boilesen,73,København,København,LCB,30,1000000,2025-06-30,26,2340,0,0.08,0,0.53,8.65,54.67,Denmark,Denmark,left,186,75,no,6.85,3.35,77.01,1.96,37.25,0.19,0.24,0.62,4.08,5.1,0.35,5,0.19,1,0.04,0.5,0.0,0,0.0,0.0,0,0.0,2,0.08,0.0,0.0,0.0,0.27,42.86,0.27,42.86,0.0,0.0,0.0,0.58,53.33,1.15,50.0,0.23,1.31,0.23,42.92,0.15,0.31,55.81,92.14,23.23,85.43,1.81,95.74,27.0,97.58,49.12,95.93,6.42,65.27,21.55,37.04,0.02,0.19,0.0,0.0,0.12,66.67,0.15,6.77,81.82,0.77,45.0,0.73,57.89,0.46,0.08,9.96,82.63,0,,0,,0,0.0,0.0,0.0,,,1.08,,,0.0,0.0,0.0,0.0,0,0
K. Diks,72,København,København,"RB, LB",25,4000000,2025-06-30,26,2107,2,1.88,4,0.93,16.92,54.55,Netherlands,"Netherlands, Indonesia",right,182,73,no,8.97,6.32,63.51,3.72,49.43,0.51,0.66,0.09,4.44,5.7,1.03,5,0.21,1,0.04,2.22,0.09,2,0.09,0.08,2,0.09,24,1.03,16.67,8.333,0.17,2.43,28.07,0.6,35.71,1.84,25.58,0.21,2.18,56.86,3.8,50.56,1.24,1.88,0.85,34.34,2.39,0.68,46.86,81.77,12.86,71.43,6.96,96.32,19.09,84.56,39.94,88.02,4.53,54.72,19.22,31.15,0.04,0.64,0.0,0.04,0.43,30.0,0.47,4.91,67.83,2.86,46.27,1.03,29.17,0.64,0.68,8.37,72.45,0,,0,,0,0.0,0.0,0.0,,,1.11,,,0.0,0.0,0.0,0.0,0,0
L. Lerager,72,København,København,"RCMF, RDMF",28,3000000,2025-12-31,29,2254,6,2.9,1,0.85,24.84,56.91,Denmark,Denmark,right,188,80,no,13.06,8.07,71.78,7.67,56.77,0.96,1.22,0.44,6.31,8.06,1.12,7,0.28,0,0.0,1.36,0.24,6,0.24,0.12,1,0.04,34,1.36,44.12,17.647,0.04,1.04,53.85,0.12,66.67,0.92,52.17,0.12,0.64,31.25,3.43,41.86,1.56,0.36,0.2,27.43,1.08,0.8,41.05,80.64,14.77,68.65,5.87,93.88,13.5,89.05,37.65,83.99,2.36,38.98,15.94,20.76,0.03,0.4,0.04,0.0,0.2,0.0,0.12,6.75,73.96,1.28,53.13,0.56,14.29,0.6,0.56,6.75,66.86,0,,0,,0,0.0,0.0,0.0,,,0.36,,,0.0,0.0,0.0,0.0,0,0
L. Andersen,72,AaB,AaB,"LWF, AMF, RCMF",27,500000,2024-06-30,7,437,0,0.14,1,0.47,21.62,49.52,Denmark,Denmark,right,185,73,no,7.41,6.8,51.52,0.62,33.33,0.21,0.25,0.0,3.71,4.5,1.03,0,0.0,0,0.0,3.71,0.0,0,0.0,0.03,0,0.0,4,0.82,25.0,0.0,0.21,1.85,44.44,0.82,75.0,0.82,25.0,0.21,4.32,52.38,10.3,42.0,1.85,2.27,0.62,29.24,1.03,1.44,39.95,80.93,9.68,63.83,11.12,96.3,8.65,78.57,36.66,83.71,1.65,62.5,12.92,19.15,0.1,1.24,0.41,0.0,1.03,40.0,0.21,2.88,57.14,2.68,61.54,1.24,33.33,1.85,0.82,4.53,68.18,0,,0,,0,0.0,0.0,0.0,,,0.41,,,0.41,0.0,0.0,1.85,0,0
H. Dalsgaard,72,Midtjylland,Midtjylland,RCB,33,1000000,2024-06-30,28,2616,2,1.7,1,0.84,17.03,61.01,Denmark,Denmark,right,192,81,no,8.46,4.85,67.38,6.43,59.36,0.41,0.52,0.45,4.78,6.03,0.79,3,0.1,0,0.0,1.38,0.07,2,0.07,0.06,0,0.0,11,0.38,27.27,18.182,0.03,1.14,21.21,0.17,20.0,0.96,21.43,0.1,1.1,78.13,2.2,65.63,1.07,1.44,0.79,33.47,0.89,1.1,49.06,79.87,21.81,70.03,3.58,96.15,18.27,88.32,40.49,88.62,7.47,41.01,22.03,41.58,0.03,0.34,0.0,0.0,0.31,55.56,0.14,9.01,54.58,2.0,25.86,1.0,27.59,0.31,0.24,9.91,75.69,0,,0,,0,0.0,0.0,0.0,,,1.65,,,0.0,0.0,0.0,0.0,0,0
J. Hansen,72,AGF,AGF,GK,37,200000,2023-06-30,31,3051,0,0.0,0,0.0,0.86,82.76,Denmark,Denmark,right,188,78,no,1.36,0.0,0.0,0.74,84.0,0.0,0.0,0.0,1.36,1.73,0.0,0,0.0,0,0.0,0.0,0.0,0,0.0,0.0,0,0.0,0,0.0,0.0,0.0,0.0,0.0,0.0,0.0,0.0,0.0,0.0,0.0,0.0,0.0,0.03,100.0,0.0,0.0,0.03,14.6,0.24,0.12,21.42,83.75,14.45,77.76,0.0,0.0,6.49,96.36,10.06,97.07,11.36,71.95,37.47,49.57,0.0,0.0,0.0,0.0,0.0,0.0,0.0,3.78,64.06,0.12,0.0,0.06,50.0,0.0,0.0,8.88,84.05,41,1.21,142,4.19,8,71.13,44.39,1.31,3.39,0.1,0.0,1.47,0.74,,,,0.0,0,0
S. Jørgensen,71,Silkeborg,Silkeborg,"RWF, AMF",22,2000000,2025-06-30,32,2475,11,11.13,8,5.8,14.25,38.01,Denmark,Denmark,left,178,68,no,4.44,3.38,56.99,0.44,33.33,0.0,0.0,0.07,2.51,3.08,0.33,1,0.04,0,0.0,3.78,0.4,11,0.4,0.4,0,0.0,66,2.4,45.45,16.667,0.29,1.16,21.88,0.15,0.0,1.02,25.0,0.25,4.18,46.96,8.47,34.33,4.18,2.76,1.2,31.42,1.64,0.51,38.15,85.22,8.62,74.68,10.0,95.27,10.95,85.05,35.49,88.01,1.56,65.12,15.15,23.03,0.21,2.11,0.0,0.04,1.24,38.24,0.87,2.76,82.89,2.91,71.25,1.02,35.71,2.62,0.33,4.36,80.0,0,,0,,0,0.0,0.0,0.0,,,0.04,,,0.36,0.04,100.0,2.33,0,0
M. Hermansen,71,Brøndby,Brøndby,GK,22,2000000,2025-06-30,29,2814,0,0.0,0,0.0,0.96,83.33,Denmark,Denmark,right,184,78,no,1.47,0.1,33.33,0.67,95.24,0.06,0.08,0.0,1.38,1.72,0.03,0,0.0,0,0.0,0.0,0.0,0,0.0,0.0,0,0.0,0,0.0,0.0,0.0,0.0,0.0,0.0,0.0,0.0,0.0,0.0,0.0,0.0,0.0,0.0,0.0,0.0,0.0,0.0,18.71,0.42,0.16,26.07,87.73,12.09,77.51,0.0,0.0,12.79,96.75,17.94,98.75,8.09,63.64,29.84,44.98,0.0,0.0,0.0,0.0,0.0,0.0,0.0,1.86,43.1,0.1,0.0,0.22,14.29,0.0,0.0,5.69,72.47,38,1.22,138,4.41,5,72.46,42.29,1.35,4.29,0.137,0.0,1.66,0.67,,,,0.0,0,0
T. Salquist,71,Silkeborg,Silkeborg,RCB,27,700000,2025-12-31,32,3060,3,1.69,0,0.27,10.35,59.66,Denmark,Denmark,right,190,85,no,9.85,4.15,69.5,3.15,57.01,0.21,0.25,0.44,6.76,8.19,0.26,2,0.06,0,0.0,0.29,0.09,3,0.09,0.05,1,0.03,13,0.38,38.46,23.077,0.0,0.0,0.0,0.0,0.0,0.0,0.0,0.0,0.32,45.45,1.26,39.53,0.56,1.47,0.09,53.71,0.32,0.47,72.12,92.5,30.65,87.43,2.97,98.02,30.12,97.27,66.91,95.56,5.21,53.11,18.27,33.24,0.01,0.06,0.0,0.03,0.03,0.0,0.0,6.5,72.4,0.32,54.55,0.47,25.0,0.15,0.0,9.21,72.2,0,,0,,0,0.0,0.0,0.0,,,2.12,,,0.0,0.0,0.0,0.0,0,0
I. Fossum,71,AaB,AaB,"LCMF, RCMF",25,1500000,2023-06-30,30,2794,8,6.66,4,3.55,17.14,46.24,Norway,Norway,right,180,73,no,7.18,6.31,63.27,2.25,50.0,0.23,0.29,0.16,2.96,3.81,0.71,1,0.03,1,0.03,2.32,0.26,7,0.23,0.21,3,0.1,48,1.55,52.08,16.667,0.13,1.93,25.0,1.32,34.15,0.61,5.26,0.1,1.87,43.1,5.44,30.77,1.87,1.19,0.81,25.22,0.93,0.52,36.27,79.57,11.02,66.37,7.83,95.88,11.31,82.62,32.34,84.86,2.0,46.77,17.18,28.13,0.11,0.9,0.13,0.0,0.39,58.33,0.39,4.19,70.0,2.16,47.76,0.74,39.13,0.81,0.45,5.44,66.86,0,,0,,0,0.0,0.0,0.0,,,0.84,,,0.81,0.13,50.0,2.38,1,100
J. Lössl,71,Midtjylland,Midtjylland,GK,33,1000000,2025-06-30,8,783,0,0.0,0,0.0,1.26,90.91,Denmark,Denmark,right,195,89,no,2.41,0.0,0.0,0.8,100.0,0.0,0.0,0.0,2.41,3.17,0.0,0,0.0,0,0.0,0.11,0.0,0,0.0,0.0,0,0.0,0,0.0,0.0,0.0,0.0,0.0,0.0,0.0,0.0,0.0,0.0,0.0,0.11,100.0,0.34,100.0,0.0,0.11,0.0,18.85,0.34,0.11,28.85,78.88,16.55,66.67,0.0,0.0,11.61,96.04,15.29,94.74,13.45,61.54,35.71,47.51,0.0,0.0,0.0,0.0,0.0,0.0,0.0,3.22,42.86,0.34,33.33,0.23,0.0,0.0,0.0,8.05,68.57,8,0.92,27,3.1,3,70.37,6.19,0.71,-1.81,-0.208,0.0,1.61,0.8,,,,0.0,0,0
G. Isaksen,70,Midtjylland,Midtjylland,"RWF, LWF, CF",21,4500000,2024-06-30,30,2018,5,6.65,4,4.93,23.95,37.8,Denmark,Denmark,left,178,70,no,3.03,3.26,53.42,2.41,27.78,0.0,0.0,0.0,1.29,1.59,0.62,0,0.0,0,0.0,5.75,0.22,5,0.22,0.3,2,0.09,56,2.5,55.36,8.929,0.18,2.45,30.91,0.4,33.33,2.01,31.11,0.13,7.22,48.15,14.94,37.61,4.24,3.52,2.54,14.54,2.01,2.23,19.94,76.29,3.61,65.43,5.22,92.31,6.29,69.5,16.72,84.27,0.8,44.44,17.29,16.02,0.22,1.52,0.09,0.0,0.54,25.0,0.67,1.11,60.0,2.23,44.0,0.58,15.38,1.03,0.76,1.92,81.4,0,,0,,0,0.0,0.0,0.0,,,0.04,,,0.4,0.09,50.0,0.22,0,0
L. Prip,70,AaB,AaB,"RWF, CF, LCMF",25,1800000,2025-06-30,33,2801,14,9.2,4,3.0,20.15,41.15,Denmark,Denmark,left,182,70,no,3.66,3.37,62.86,1.74,22.22,0.1,0.13,0.06,1.45,1.89,0.32,0,0.0,0,0.0,5.01,0.45,11,0.35,0.3,2,0.06,80,2.57,47.5,17.5,0.13,2.51,29.49,1.41,31.82,1.03,25.0,0.19,5.98,48.39,12.24,39.37,2.22,1.93,1.74,20.18,1.38,1.86,26.99,79.64,6.07,64.02,7.29,97.36,8.51,80.0,23.26,86.6,1.41,50.0,18.13,25.34,0.1,0.84,0.06,0.03,0.26,62.5,0.26,2.7,71.43,2.06,46.88,0.29,33.33,0.42,0.71,2.92,72.53,0,,0,,0,0.0,0.0,0.0,,,0.16,,,0.58,0.1,0.0,1.8,3,100
E. Marxen,70,Nordsjælland,Nordsjælland,LCB,31,400000,2025-12-31,22,1617,0,0.62,2,1.32,13.53,62.55,Denmark,Denmark,left,185,80,no,6.35,3.56,70.31,6.51,54.7,0.06,0.07,0.61,3.78,5.01,0.33,1,0.06,0,0.0,0.22,0.0,0,0.0,0.03,0,0.0,6,0.33,33.33,0.0,0.11,0.17,33.33,0.11,50.0,0.06,0.0,0.0,0.06,100.0,0.61,54.55,0.45,0.83,0.11,32.84,0.11,0.28,47.98,84.69,22.04,73.74,3.73,98.51,18.81,94.38,39.57,91.42,8.24,53.38,23.68,38.46,0.07,0.39,0.0,0.0,0.0,0.0,0.0,7.68,63.04,0.67,8.33,0.61,18.18,0.28,0.0,10.35,69.89,0,,0,,0,0.0,0.0,0.0,,,3.12,,,0.22,0.06,0.0,1.5,0,0
P. Carlgren,70,Randers,Randers,GK,30,1000000,2024-06-30,32,3081,0,0.0,0,0.0,1.17,82.5,Sweden,Sweden,right,188,84,no,2.04,0.15,60.0,0.64,90.91,0.0,0.0,0.0,1.96,2.34,0.0,2,0.06,0,0.0,0.0,0.0,0,0.0,0.0,0,0.0,0,0.0,0.0,0.0,0.0,0.0,0.0,0.0,0.0,0.0,0.0,0.0,0.0,0.0,0.18,83.33,0.0,0.0,0.0,12.24,0.26,0.23,18.61,79.43,13.32,74.12,0.0,0.0,5.17,93.22,8.33,96.14,10.25,66.1,38.43,48.12,0.0,0.0,0.0,0.0,0.0,0.0,0.0,2.19,54.67,0.03,0.0,0.18,0.0,0.0,0.0,7.59,77.69,42,1.23,162,4.73,6,74.07,47.9,1.4,5.9,0.172,0.0,1.67,0.64,,,,0.0,0,0
C. Sørensen,70,Viborg,Viborg,LB,30,400000,2025-12-31,33,3248,2,1.73,9,14.24,11.17,54.59,Denmark,Denmark,left,179,74,no,7.59,4.68,60.95,1.91,43.48,0.33,0.42,0.25,4.41,5.57,0.5,5,0.14,0,0.0,3.46,0.06,2,0.06,0.05,0,0.0,39,1.08,20.51,5.128,0.25,5.6,33.66,5.1,34.78,0.47,23.53,0.91,1.94,62.86,3.13,60.18,1.47,1.77,0.67,40.57,2.74,0.75,52.92,78.43,19.78,70.45,7.15,94.57,18.34,80.66,38.74,90.92,8.92,50.93,22.34,40.08,0.39,2.8,0.03,0.0,0.19,71.43,0.58,7.54,60.66,5.13,48.65,0.75,25.93,0.89,1.77,12.64,80.92,0,,0,,0,0.0,0.0,0.0,,,0.61,,,1.75,0.28,20.0,5.1,0,0
D. Høegh,70,Randers,Midtjylland,"CB, LCB, RCB",31,600000,2025-06-30,19,1645,0,1.62,1,0.3,18.38,60.42,Denmark,Denmark,right,190,79,no,10.01,6.78,72.58,7.17,53.44,0.16,0.21,0.22,4.92,6.19,1.04,3,0.16,0,0.0,0.27,0.0,0,0.0,0.09,0,0.0,10,0.55,40.0,0.0,0.05,0.0,0.0,0.0,0.0,0.0,0.0,0.0,0.05,100.0,0.93,58.82,1.15,0.55,0.05,29.05,0.11,0.71,45.57,88.6,15.59,74.39,3.72,95.59,21.28,96.4,41.14,92.82,4.43,49.38,19.96,37.56,0.02,0.05,0.0,0.0,0.0,0.0,0.0,4.38,65.0,0.27,20.0,0.38,0.0,0.16,0.0,6.29,65.22,0,,0,,0,0.0,0.0,0.0,,,2.52,,,0.0,0.0,0.0,0.0,0,0
N. Helenius,70,Silkeborg,Silkeborg,CF,31,400000,2024-06-30,29,2663,17,13.48,2,2.43,19.13,37.46,Denmark,Denmark,right,196,85,no,3.75,2.84,57.14,4.22,47.2,0.03,0.04,0.14,2.1,2.59,0.47,2,0.07,0,0.0,2.33,0.57,15,0.51,0.46,4,0.14,72,2.43,51.39,23.611,0.07,0.37,18.18,0.2,16.67,0.17,20.0,0.03,1.39,41.46,8.45,25.6,3.04,0.71,0.3,16.8,1.96,0.98,22.58,76.5,4.9,60.69,4.66,89.13,7.2,79.34,21.43,78.55,0.78,47.83,14.64,17.19,0.08,0.57,0.03,0.03,0.91,48.15,0.37,1.89,62.5,1.45,48.84,0.74,31.82,0.91,0.0,2.23,54.55,0,,0,,0,0.0,0.0,0.0,,,0.0,,,0.14,0.14,50.0,0.0,2,100
N. Larsen,70,Silkeborg,Silkeborg,GK,31,500000,2023-06-30,31,2971,0,0.0,0,0.0,0.79,84.62,Denmark,Denmark,right,187,83,no,2.09,0.15,60.0,0.45,100.0,0.0,0.0,0.0,2.0,2.44,0.0,1,0.03,0,0.0,0.0,0.0,0,0.0,0.0,0,0.0,0,0.0,0.0,0.0,0.0,0.0,0.0,0.0,0.0,0.0,0.0,0.0,0.0,0.0,0.06,0.0,0.0,0.0,0.0,15.99,0.15,0.03,23.63,91.54,11.33,85.29,0.0,0.0,11.51,97.63,19.78,97.7,3.85,59.84,25.02,39.03,0.0,0.0,0.0,0.0,0.0,0.0,0.0,0.39,38.46,0.03,0.0,0.06,100.0,0.0,0.0,2.67,51.14,34,1.03,120,3.64,8,71.67,36.74,1.11,2.74,0.083,0.0,1.64,0.45,,,,0.0,0,0
R. Onyedika,69,Midtjylland,Midtjylland,"RCMF, DMF",21,5000000,2027-06-30,31,2748,2,3.09,1,0.71,20.04,51.14,Nigeria,Nigeria,right,184,79,no,9.83,8.19,56.0,2.42,56.76,0.36,0.46,0.26,4.88,6.28,1.97,7,0.23,0,0.0,1.31,0.07,2,0.07,0.1,0,0.0,30,0.98,20.0,6.667,0.03,0.16,40.0,0.0,0.0,0.16,40.0,0.0,1.74,56.6,5.37,45.73,1.05,0.36,0.1,24.96,0.13,1.15,38.68,87.47,10.19,71.06,7.4,99.12,15.0,94.54,36.26,90.24,2.26,46.38,17.05,31.13,0.02,0.29,0.0,0.0,0.16,40.0,0.1,4.16,70.08,0.52,68.75,0.29,11.11,0.43,0.07,3.86,65.25,0,,0,,0,0.0,0.0,0.0,,,1.44,,,0.03,0.0,0.0,0.0,0,0
V. Kristiansen,69,København,København,LB,19,4000000,2025-12-31,21,1797,0,0.62,4,2.73,18.08,54.29,Denmark,Denmark,left,181,72,no,9.57,8.21,64.02,2.35,44.68,0.2,0.26,0.05,4.11,5.32,0.6,2,0.1,0,0.0,2.95,0.0,0,0.0,0.03,0,0.0,6,0.3,33.33,0.0,0.2,3.46,28.99,3.41,29.41,0.05,0.0,0.6,2.45,67.35,5.66,46.9,1.3,2.05,1.4,29.2,1.3,0.35,41.37,76.15,14.17,61.84,6.36,96.85,14.77,82.37,32.65,85.89,5.36,47.66,20.43,36.67,0.14,1.05,0.0,0.05,0.5,40.0,0.65,5.11,58.82,3.61,34.72,0.6,50.0,0.7,1.25,8.21,62.8,0,,0,,0,0.0,0.0,0.0,,,0.45,,,0.15,0.0,0.0,0.05,0,0
J. Bell,69,Brøndby,Brøndby,"DMF, LCMF, RCMF",23,1500000,2026-06-30,15,1174,0,0.26,0,0.48,19.78,57.36,England,"England, New Zealand",right,182,77,no,12.73,10.2,64.66,2.38,54.84,0.46,0.54,0.15,5.67,6.71,0.77,2,0.15,0,0.0,1.15,0.0,0,0.0,0.02,0,0.0,8,0.61,0.0,0.0,0.0,1.07,7.14,0.46,0.0,0.61,12.5,0.31,1.53,55.0,4.37,47.37,0.23,0.69,0.38,31.74,0.31,0.54,49.6,87.48,15.1,76.65,9.51,95.97,18.4,92.5,44.0,90.94,4.6,71.67,19.52,31.09,0.04,0.46,0.23,0.0,0.46,50.0,0.15,6.75,78.41,1.92,36.0,0.46,83.33,0.61,0.15,7.13,73.12,0,,0,,0,0.0,0.0,0.0,,,1.15,,,1.15,0.08,0.0,2.68,0,0
N. Dyhr,69,Midtjylland,Midtjylland,LWB,21,1500000,2024-12-31,25,1463,1,0.95,1,2.53,14.33,54.08,Denmark,Denmark,left,177,70,no,7.57,5.23,63.53,2.28,37.84,0.8,1.03,0.06,3.44,4.46,0.55,1,0.06,0,0.0,2.95,0.06,1,0.06,0.06,0,0.0,11,0.68,45.45,9.091,0.06,3.2,38.46,3.08,36.0,0.06,100.0,0.55,1.78,75.86,4.55,56.76,2.09,1.66,0.86,24.18,1.78,1.29,34.39,75.31,11.81,64.06,8.12,94.7,7.75,76.98,27.13,84.58,4.06,42.42,19.35,31.65,0.16,0.92,0.06,0.12,0.18,33.33,0.43,4.06,56.06,2.58,50.0,0.25,50.0,0.98,1.05,6.64,73.15,0,,0,,0,0.0,0.0,0.0,,,0.86,,,0.06,0.06,0.0,0.0,0,0
L. Berg Johnsen,69,Randers,Randers,"RCMF, LCMF, DMF",22,1500000,2024-06-30,31,2879,2,2.02,1,0.6,20.04,49.61,Norway,Norway,right,177,72,no,10.57,9.35,59.53,3.41,33.94,0.28,0.33,0.34,4.72,5.59,0.91,4,0.13,0,0.0,0.81,0.06,0,0.0,0.06,0,0.0,14,0.44,21.43,14.286,0.03,0.13,75.0,0.03,100.0,0.09,66.67,0.03,0.75,66.67,3.5,40.18,0.06,0.53,0.28,34.92,0.19,0.69,53.89,87.94,20.16,80.62,7.16,96.51,17.72,92.77,49.74,90.32,4.03,58.91,17.56,37.95,0.02,0.25,0.03,0.06,0.25,50.0,0.03,8.53,78.75,0.97,51.61,0.56,38.89,0.41,0.09,7.41,75.95,0,,0,,0,0.0,0.0,0.0,,,0.72,,,0.19,0.0,0.0,0.31,2,100
M. Daramy,69,Ajax II,København,"LAMF, LWF",20,6000000,2026-06-30,6,458,2,1.58,1,2.58,31.05,45.57,Denmark,"Denmark, Sierra Leone",right,180,71,no,3.14,3.54,44.44,1.18,33.33,0.59,0.82,0.2,0.98,1.36,0.39,0,0.0,0,0.0,12.77,0.39,2,0.39,0.31,0,0.0,15,2.95,40.0,13.333,0.2,1.97,60.0,1.77,55.56,0.2,100.0,0.2,13.95,67.61,22.6,49.57,5.5,6.29,4.13,18.28,1.38,2.36,31.64,85.71,7.27,81.08,11.59,89.83,6.09,87.1,29.28,87.25,0.39,100.0,15.14,11.89,0.51,2.16,0.2,0.0,1.77,55.56,1.38,1.57,87.5,3.14,87.5,1.57,62.5,2.75,1.18,5.31,77.78,0,,0,,0,0.0,0.0,0.0,,,0.0,,,0.2,0.0,0.0,0.59,0,0
T. Kehinde,69,Randers,Randers,"RW, LW, RAMF",24,1000000,2023-06-30,28,2215,5,5.44,3,1.92,24.99,43.09,Nigeria,Nigeria,right,178,75,no,5.69,5.28,64.62,2.32,29.82,0.0,0.0,0.0,2.28,2.73,0.69,4,0.16,0,0.0,5.61,0.2,5,0.2,0.22,1,0.04,50,2.03,38.0,10.0,0.12,3.82,31.91,1.18,24.14,2.6,35.94,0.41,6.38,54.14,14.38,40.68,3.29,2.6,1.34,19.58,1.26,0.98,32.51,78.5,7.8,71.88,6.74,95.18,10.4,74.61,27.43,85.93,1.42,54.29,16.65,18.7,0.08,0.65,0.0,0.08,0.41,40.0,0.45,2.52,75.81,3.09,50.0,0.41,30.0,1.02,1.06,4.47,73.64,0,,0,,0,0.0,0.0,0.0,,,0.33,,,0.08,0.0,0.0,0.04,0,0
F. Tingager,69,AGF,AGF,"LCB, RCB",29,400000,2025-06-30,24,1725,2,1.77,0,0.0,18.16,63.79,Denmark,Denmark,right,198,94,no,10.38,6.37,73.77,6.99,64.18,0.21,0.27,0.63,5.48,7.05,0.63,2,0.1,0,0.0,0.63,0.1,2,0.1,0.09,2,0.1,11,0.57,63.64,18.182,0.0,0.05,0.0,0.0,0.0,0.05,0.0,0.0,0.31,66.67,1.25,41.67,0.99,1.51,0.16,22.28,0.21,0.47,36.05,84.37,13.46,67.05,2.56,100.0,16.59,95.28,30.47,90.07,5.53,53.77,21.82,36.72,0.0,0.0,0.0,0.0,0.1,50.0,0.0,4.85,64.52,0.42,25.0,0.1,50.0,0.21,0.0,5.74,62.73,0,,0,,0,0.0,0.0,0.0,,,2.35,,,0.0,0.0,0.0,0.0,0,0
M. Brink,69,Silkeborg,Silkeborg,DMF,24,700000,2025-06-30,32,2805,1,0.8,1,2.46,12.61,56.74,Denmark,Denmark,right,174,73,no,7.57,5.33,69.28,1.51,46.81,0.16,0.19,0.16,3.72,4.44,0.35,0,0.0,0,0.0,1.16,0.03,1,0.03,0.03,0,0.0,17,0.55,23.53,5.882,0.03,0.55,35.29,0.13,25.0,0.42,38.46,0.0,0.93,58.62,2.95,53.26,0.26,0.55,0.22,65.39,0.1,0.96,81.91,88.68,26.98,77.65,9.08,96.11,35.74,95.51,75.53,91.5,5.84,57.14,17.96,35.06,0.08,0.83,0.1,0.03,0.64,45.0,0.26,10.4,73.77,2.02,46.03,1.03,40.63,0.77,0.16,11.68,74.45,0,,0,,0,0.0,0.0,0.0,,,1.12,,,0.0,0.0,0.0,0.0,0,0
S. Gartenmann,69,Midtjylland,SønderjyskE,"RCB, CB",25,700000,2025-06-30,31,2996,2,1.2,1,0.64,12.95,58.93,Denmark,Denmark,right,187,75,no,11.93,5.38,67.04,3.36,50.0,0.75,0.87,0.99,7.57,8.77,0.39,4,0.12,0,0.0,0.75,0.06,2,0.06,0.04,1,0.03,13,0.39,23.08,15.385,0.03,0.6,45.0,0.06,100.0,0.54,38.89,0.06,0.51,70.59,1.71,54.39,0.51,1.14,0.18,28.78,0.27,0.96,46.47,82.35,22.2,70.5,2.19,95.89,18.59,94.83,36.86,91.04,9.04,49.5,23.97,42.31,0.02,0.3,0.0,0.0,0.09,33.33,0.09,7.45,58.87,1.56,44.23,1.17,43.59,0.51,0.3,10.48,67.91,0,,0,,0,0.0,0.0,0.0,,,1.47,,,0.06,0.0,0.0,0.0,0,0
D. Cools,69,Midtjylland,Midtjylland,"RCB, RWB, RB",26,850000,2023-06-30,12,459,0,0.14,0,0.02,14.31,50.68,Malaysia,"Malaysia, Belgium",right,184,77,no,8.63,5.88,66.67,4.51,52.17,0.39,0.55,0.39,4.31,6.06,0.39,0,0.0,0,0.0,0.2,0.0,0,0.0,0.03,0,0.0,2,0.39,50.0,0.0,0.0,0.39,0.0,0.2,0.0,0.2,0.0,0.0,0.39,0.0,1.37,28.57,0.59,1.18,0.39,29.41,1.18,0.78,41.37,82.94,16.47,73.81,5.29,88.89,15.1,90.91,35.49,88.4,5.69,51.72,19.53,37.59,0.0,0.2,0.2,0.0,0.39,0.0,0.0,6.47,66.67,1.37,14.29,0.59,0.0,0.2,0.2,7.45,73.68,0,,0,,0,0.0,0.0,0.0,,,1.76,,,0.0,0.0,0.0,0.0,0,0
J. Tverskov,69,OB,OB,"LCB, RCB",29,400000,2023-06-30,26,2397,0,0.58,1,0.55,13.25,65.72,Denmark,Denmark,right,185,85,no,11.23,5.07,79.26,3.3,60.23,0.23,0.29,0.53,6.98,9.04,0.3,4,0.15,0,0.0,0.56,0.0,0,0.0,0.02,0,0.0,5,0.19,40.0,0.0,0.04,0.23,50.0,0.04,100.0,0.15,50.0,0.08,0.56,53.33,1.61,48.84,0.53,0.6,0.08,39.84,0.26,0.75,60.94,90.39,22.87,79.64,3.68,96.94,29.44,97.7,52.68,95.01,8.04,61.21,21.77,36.35,0.02,0.3,0.04,0.11,0.23,33.33,0.08,7.28,72.68,0.94,40.0,1.01,14.81,0.41,0.11,10.33,77.82,0,,0,,0,0.0,0.0,0.0,,,1.58,,,0.04,0.0,0.0,0.0,0,0
N. Poulsen,69,AGF,AGF,"DMF, LCMF",29,800000,2024-06-30,28,2405,1,1.43,0,0.29,17.78,58.74,Denmark,Denmark,right,180,79,no,13.1,10.59,63.25,1.68,48.89,0.41,0.52,0.41,5.99,7.56,1.72,12,0.45,0,0.0,0.52,0.04,1,0.04,0.05,0,0.0,7,0.26,14.29,14.286,0.0,0.52,50.0,0.15,25.0,0.34,66.67,0.0,0.37,50.0,1.95,63.46,0.3,0.15,0.15,20.73,0.15,1.16,39.41,80.44,14.37,64.32,4.3,95.65,13.88,89.76,33.72,85.46,5.2,50.36,19.24,32.1,0.01,0.34,0.0,0.0,0.22,16.67,0.0,7.11,62.11,1.27,47.06,0.49,23.08,0.34,0.26,6.7,72.07,0,,0,,0,0.0,0.0,0.0,,,0.56,,,0.07,0.0,0.0,0.0,0,0
S. Hedlund,69,Brøndby,Brøndby,"CF, AMF",29,1200000,2023-06-30,29,2280,4,5.93,7,5.59,16.82,38.97,Sweden,Sweden,right,173,69,no,4.42,4.86,52.03,0.95,16.67,0.2,0.26,0.04,1.7,2.19,1.03,5,0.2,0,0.0,4.26,0.16,3,0.12,0.23,0,0.0,44,1.74,45.45,9.091,0.28,3.16,27.5,1.82,23.91,1.3,30.3,0.39,4.07,48.54,8.01,37.44,3.39,2.29,1.03,24.08,2.72,0.83,28.54,70.82,6.71,59.41,6.36,85.71,8.88,72.89,24.0,77.47,1.5,50.0,17.58,30.14,0.22,1.97,0.0,0.0,1.62,39.02,1.07,2.49,60.32,3.75,64.21,1.3,42.42,1.86,1.07,4.62,78.63,0,,0,,0,0.0,0.0,0.0,,,0.08,,,0.59,0.12,33.33,2.09,1,100
P. Ankersen,69,København,København,RB,31,1000000,2024-06-30,28,2141,1,1.34,4,2.68,15.93,54.62,Denmark,Denmark,right,180,73,no,9.84,5.63,68.66,2.27,53.7,0.59,0.74,0.29,5.38,6.81,0.34,3,0.13,0,0.0,3.57,0.04,1,0.04,0.06,0,0.0,17,0.71,23.53,5.882,0.17,4.54,34.26,0.0,0.0,4.5,34.58,0.63,2.69,62.5,5.3,50.0,1.3,2.27,1.47,30.64,1.89,1.68,43.68,76.32,16.23,67.88,7.19,97.66,13.41,78.37,33.38,86.52,6.01,48.95,21.24,33.02,0.11,0.97,0.08,0.13,0.34,50.0,0.63,5.8,63.77,4.08,41.24,1.13,33.33,0.5,1.51,8.83,78.1,0,,0,,0,0.0,0.0,0.0,,,0.92,,,0.38,0.08,0.0,0.17,0,0
B. Kadrii,69,OB,OB,"CF, AMF",31,400000,2024-06-30,28,1544,1,3.69,2,0.7,11.48,28.93,Denmark,"Denmark, North Macedonia",left,177,74,no,1.81,2.1,47.22,1.46,8.0,0.0,0.0,0.06,0.82,1.04,0.35,1,0.06,0,0.0,2.33,0.06,1,0.06,0.22,0,0.0,45,2.62,24.44,2.222,0.12,0.93,25.0,0.58,20.0,0.35,33.33,0.12,1.98,41.18,4.66,30.0,3.03,0.64,0.41,11.19,0.87,0.23,14.86,74.9,3.44,74.58,3.26,92.86,3.96,66.18,13.41,79.57,0.58,50.0,14.17,8.78,0.04,0.58,0.12,0.0,1.05,61.11,0.29,1.81,61.29,1.63,67.86,1.11,57.89,1.11,0.17,2.04,74.29,0,,0,,0,0.0,0.0,0.0,,,0.06,,,0.35,0.17,0.0,0.82,0,0
P. Mortensen,69,AGF,AGF,CF,33,500000,2023-06-30,28,2236,6,8.64,2,0.96,24.15,31.33,Denmark,Denmark,right,190,78,no,1.49,1.41,40.0,10.95,33.46,0.08,0.11,0.0,0.85,1.11,1.21,5,0.2,0,0.0,0.85,0.24,4,0.16,0.35,1,0.04,45,1.81,35.56,13.333,0.08,0.04,100.0,0.04,100.0,0.0,0.0,0.0,0.36,22.22,4.55,21.24,2.78,0.2,0.0,7.25,1.97,1.01,11.31,74.38,2.74,55.88,2.86,90.14,2.5,74.19,10.83,73.98,0.44,81.82,12.81,13.03,0.04,0.44,0.0,0.0,0.24,33.33,0.12,1.77,47.73,0.36,44.44,0.24,16.67,0.28,0.04,0.97,70.83,0,,0,,0,0.0,0.0,0.0,,,0.0,,,0.0,0.0,0.0,0.0,2,100
J. Christensen,68,Nordsjælland,Nordsjælland,"DMF, RCMF",21,1300000,2023-06-30,28,1607,0,0.16,2,0.71,16.07,54.01,Denmark,Denmark,right,180,70,no,9.41,7.62,64.71,3.42,44.26,0.28,0.35,0.34,4.2,5.22,1.12,1,0.06,0,0.0,0.95,0.0,0,0.0,0.01,0,0.0,4,0.22,0.0,0.0,0.11,0.9,43.75,0.22,0.0,0.67,58.33,0.28,0.56,70.0,2.24,40.0,0.11,0.11,0.06,35.28,0.34,0.45,49.79,84.59,17.19,67.1,6.05,96.3,20.27,94.75,43.68,89.49,5.21,50.54,18.23,33.7,0.04,0.34,0.0,0.06,0.39,42.86,0.45,9.07,69.14,2.74,36.73,0.95,17.65,0.5,0.39,7.9,71.63,0,,0,,0,0.0,0.0,0.0,,,1.12,,,0.06,0.0,0.0,0.0,0,0
E. Chilufya,68,Midtjylland,Midtjylland,"RWF, LWF",22,2500000,2026-12-31,13,720,3,1.67,2,1.34,23.12,35.68,Zambia,Zambia,right,171,65,no,5.25,4.38,65.71,3.13,12.0,0.13,0.15,0.13,2.25,2.73,0.75,0,0.0,0,0.0,4.63,0.38,3,0.38,0.21,0,0.0,12,1.5,66.67,25.0,0.25,2.5,40.0,0.75,66.67,1.75,28.57,0.38,6.0,41.67,11.13,32.58,4.5,3.0,2.5,14.88,1.13,0.5,22.0,75.57,4.25,70.59,5.75,86.96,7.25,74.14,18.75,80.67,0.88,71.43,16.48,12.24,0.17,1.13,0.13,0.0,0.63,20.0,0.38,1.13,88.89,2.13,58.82,0.5,0.0,0.63,0.88,2.38,68.42,0,,0,,0,0.0,0.0,0.0,,,0.0,,,0.0,0.0,0.0,0.0,0,0
L. Kramer,68,AaB,Viborg,"RCB, LCB",23,700000,2025-06-30,23,1983,4,2.01,0,0.53,15.7,55.78,Netherlands,Netherlands,right,192,80,no,10.17,5.76,65.35,6.17,44.85,0.41,0.53,1.09,5.99,7.7,0.95,4,0.18,2,0.09,0.36,0.18,4,0.18,0.09,3,0.14,10,0.45,70.0,40.0,0.0,0.09,50.0,0.0,0.0,0.09,50.0,0.0,0.05,0.0,0.36,37.5,1.09,0.59,0.0,31.77,0.18,0.18,47.93,88.35,20.7,79.82,2.45,90.74,20.83,96.51,41.98,92.97,5.85,55.81,20.54,34.52,0.02,0.09,0.0,0.0,0.0,0.0,0.09,6.13,67.41,0.73,37.5,0.77,29.41,0.36,0.05,8.08,73.6,0,,0,,0,0.0,0.0,0.0,,,1.41,,,0.05,0.0,0.0,0.0,0,0
K. Tshiembe,68,Brøndby,Brøndby,LCB,25,1500000,2025-06-30,19,1610,0,0.79,1,0.71,17.05,59.67,Denmark,"Denmark, Congo DR",both,186,83,no,8.33,5.65,65.35,3.86,57.97,0.06,0.07,0.45,4.58,5.84,0.84,3,0.17,0,0.0,1.01,0.0,0,0.0,0.04,0,0.0,8,0.45,50.0,0.0,0.06,0.28,20.0,0.11,0.0,0.17,33.33,0.06,1.34,54.17,3.63,46.15,1.01,1.62,0.11,37.01,0.39,1.06,55.4,88.9,19.73,79.04,3.35,93.33,28.12,95.43,50.31,93.0,4.81,50.0,21.44,37.04,0.04,0.34,0.06,0.0,0.06,0.0,0.11,6.65,73.95,0.28,20.0,0.34,16.67,0.34,0.06,8.27,72.3,0,,0,,0,0.0,0.0,0.0,,,1.84,,,0.0,0.0,0.0,0.0,0,0
D. Granli,68,AaB,AaB,"RCB, LCB",28,700000,2024-06-30,28,2446,1,1.21,0,0.65,11.15,58.09,Norway,Norway,right,188,84,no,9.05,5.56,64.24,1.91,57.69,0.37,0.47,0.52,5.11,6.5,0.74,5,0.18,0,0.0,0.63,0.04,1,0.04,0.04,0,0.0,11,0.4,18.18,9.091,0.0,0.52,50.0,0.0,0.0,0.52,50.0,0.0,0.33,77.78,0.92,48.0,0.48,0.44,0.04,35.36,0.59,0.22,50.48,85.71,21.78,75.84,3.64,93.94,18.77,94.51,44.6,90.26,5.48,51.01,19.45,38.67,0.02,0.37,0.0,0.04,0.15,25.0,0.15,7.17,65.64,0.85,52.17,0.66,44.44,0.26,0.22,9.64,70.23,0,,0,,0,0.0,0.0,0.0,,,1.84,,,0.07,0.04,0.0,0.0,0,0
M. Kallesøe,68,Randers,Randers,RB,25,800000,,17,1335,1,0.3,3,1.67,20.63,49.35,Denmark,Denmark,right,193,80,no,11.06,8.7,64.34,3.57,30.19,0.94,1.18,0.13,4.52,5.63,0.94,4,0.27,0,0.0,3.24,0.07,1,0.07,0.02,0,0.0,7,0.47,28.57,14.286,0.2,4.45,36.36,0.0,0.0,4.45,36.36,0.4,2.36,62.86,4.31,46.88,0.81,2.16,1.21,23.33,1.08,0.54,35.87,72.37,13.21,62.24,7.35,93.58,9.84,73.97,25.82,84.33,5.73,45.88,21.15,36.48,0.11,0.88,0.0,0.0,0.07,0.0,0.94,5.53,58.54,3.44,49.02,0.34,20.0,0.27,1.62,9.84,73.29,0,,0,,0,0.0,0.0,0.0,,,1.48,,,0.0,0.0,0.0,0.0,0,0
S. Svendsen,68,OB,OB,"LAMF, RAMF",24,600000,2023-06-30,13,723,4,2.64,1,0.54,16.8,39.26,Norway,Norway,right,172,67,no,4.73,3.86,70.97,2.24,16.67,0.12,0.18,0.0,1.87,2.74,0.75,0,0.0,0,0.0,3.86,0.5,4,0.5,0.33,0,0.0,21,2.61,42.86,19.048,0.12,1.37,27.27,1.12,33.33,0.25,0.0,0.12,3.61,62.07,8.09,36.92,2.86,2.37,0.5,13.69,0.87,0.12,22.41,71.11,7.22,56.9,3.11,92.0,6.85,87.27,20.04,77.02,1.12,11.11,15.66,17.85,0.07,1.62,0.0,0.0,0.5,25.0,0.25,1.37,63.64,2.74,45.45,0.37,33.33,1.24,0.25,2.61,66.67,0,,0,,0,0.0,0.0,0.0,,,0.12,,,0.12,0.0,0.0,0.12,0,0
P. Sisto,68,Midtjylland,Midtjylland,"CF, LWF",27,3000000,2024-06-30,24,1538,2,3.3,2,1.73,20.66,47.03,South Sudan,"South Sudan, Denmark",right,171,64,no,2.93,3.34,54.39,0.47,12.5,0.0,0.0,0.0,1.11,1.55,0.29,3,0.18,0,0.0,5.33,0.12,2,0.12,0.19,1,0.06,35,2.05,34.29,5.714,0.12,1.35,34.78,0.94,43.75,0.41,14.29,0.18,5.97,61.76,14.04,46.25,2.57,2.69,1.7,29.02,0.76,2.4,38.8,86.58,8.37,76.92,9.71,98.19,13.22,85.4,34.29,89.93,3.22,70.91,17.86,34.49,0.1,1.35,0.06,0.0,0.99,47.06,0.35,3.75,84.38,3.8,53.85,1.23,23.81,1.87,0.41,4.45,84.21,0,,0,,0,0.0,0.0,0.0,,,0.23,,,0.76,0.29,20.0,1.29,0,0
J. Radošević,68,Brøndby,Brøndby,"DMF, LCMF, RCMF",28,1500000,2025-06-30,26,2203,1,0.72,0,1.66,21.24,57.5,Croatia,Croatia,right,180,74,no,13.77,10.7,73.28,2.25,40.0,0.41,0.52,0.41,5.52,6.99,0.94,3,0.12,1,0.04,1.51,0.04,1,0.04,0.03,0,0.0,20,0.82,25.0,5.0,0.0,0.86,42.86,0.29,28.57,0.57,50.0,0.04,1.27,67.74,5.35,39.69,0.33,0.53,0.08,26.96,0.25,0.41,46.33,82.45,12.95,68.14,7.6,93.01,19.24,87.9,39.18,86.86,6.29,60.39,20.17,41.02,0.07,0.65,0.0,0.0,0.29,28.57,0.0,8.37,74.15,1.8,54.55,0.74,27.78,0.53,0.41,8.13,71.86,0,,0,,0,0.0,0.0,0.0,,,0.57,,,0.65,0.16,75.0,1.47,0,0
A. Kamara,68,Randers,Randers,CF,28,700000,2024-06-30,14,799,6,5.31,0,0.32,27.26,30.58,Sierra Leone,Sierra Leone,right,182,75,no,2.82,3.04,37.04,11.6,40.78,0.0,0.0,0.0,1.69,2.25,3.15,3,0.34,0,0.0,1.69,0.68,6,0.68,0.6,4,0.45,27,3.04,40.74,22.222,0.0,0.11,100.0,0.11,100.0,0.0,0.0,0.0,1.01,33.33,6.87,18.03,4.51,0.23,0.0,12.39,1.58,1.13,16.22,79.17,2.48,63.64,5.52,89.8,3.04,81.48,16.11,79.02,0.0,0.0,11.87,0.0,0.04,0.45,0.0,0.0,0.0,0.0,0.23,0.45,25.0,0.45,75.0,0.0,0.0,0.56,0.11,1.24,18.18,0,,0,,0,0.0,0.0,0.0,,,0.0,,,0.0,0.0,0.0,0.11,0,0
K. Kusk,68,AaB,AaB,"CF, LWF",30,700000,2024-06-30,27,1488,4,2.65,7,4.28,19.23,34.91,Denmark,Denmark,left,179,67,no,4.66,4.48,58.11,1.57,34.62,0.06,0.08,0.0,2.0,2.63,0.42,0,0.0,0,0.0,3.33,0.24,4,0.24,0.16,0,0.0,22,1.33,36.36,18.182,0.42,4.29,25.35,3.33,29.09,0.91,13.33,0.48,4.66,33.77,10.34,26.9,3.15,2.06,1.63,26.31,1.39,0.48,34.23,70.14,9.56,62.03,6.35,88.57,10.71,72.88,27.34,77.65,2.78,63.04,18.24,24.02,0.26,1.45,0.06,0.06,0.42,42.86,1.21,3.99,69.7,3.63,38.33,0.42,28.57,1.15,0.97,4.29,80.28,0,,0,,0,0.0,0.0,0.0,,,0.0,,,0.97,0.0,0.0,3.08,0,0
K. Babacar,68,København,København,CF,29,3000000,2025-06-30,14,621,3,4.07,2,1.19,26.96,41.94,Senegal,Senegal,right,185,85,no,3.62,2.61,61.11,10.29,46.48,0.58,0.66,0.43,1.45,1.64,0.58,2,0.29,0,0.0,2.75,0.43,3,0.43,0.59,1,0.14,26,3.77,42.31,11.538,0.29,0.29,0.0,0.0,0.0,0.29,0.0,0.0,1.01,71.43,7.97,30.91,3.77,0.43,0.0,10.72,1.59,1.45,16.23,78.57,3.48,87.5,3.62,84.0,4.78,78.79,15.51,79.44,0.43,100.0,13.98,4.81,0.17,0.58,0.0,0.0,0.43,100.0,0.29,1.74,75.0,1.3,77.78,0.43,100.0,0.72,0.0,1.74,58.33,0,,0,,0,0.0,0.0,0.0,,,0.0,,,0.0,0.0,0.0,0.0,0,0
K. Hansen,68,Nordsjælland,Nordsjælland,"RCB, CB",33,400000,2024-06-30,26,2135,2,0.88,0,0.24,11.59,64.0,Denmark,Denmark,right,184,74,no,8.14,3.96,70.21,4.81,62.28,0.08,0.11,0.84,5.27,7.05,0.25,0,0.0,0,0.0,0.51,0.08,2,0.08,0.04,2,0.08,9,0.38,44.44,22.222,0.0,0.21,60.0,0.08,100.0,0.13,33.33,0.0,0.21,100.0,0.55,61.54,0.51,0.38,0.08,44.26,0.17,0.38,57.92,88.36,21.58,75.2,2.49,96.61,30.01,96.63,48.81,94.65,8.89,54.5,23.12,41.95,0.01,0.13,0.0,0.0,0.0,0.0,0.04,8.47,60.7,1.35,31.25,0.76,27.78,0.21,0.13,9.91,77.45,0,,0,,0,0.0,0.0,0.0,,,2.19,,,0.0,0.0,0.0,0.0,0,0
B. Kopplin,68,Randers,Randers,"RB, LB",33,300000,2024-06-30,29,2603,0,1.33,1,2.74,15.77,51.1,Germany,Germany,right,184,80,no,10.34,7.19,64.42,2.21,39.06,0.35,0.41,0.14,5.36,6.4,0.76,5,0.17,0,0.0,2.59,0.0,0,0.0,0.05,0,0.0,22,0.76,50.0,0.0,0.03,3.08,38.2,0.83,41.67,2.25,36.92,0.31,1.76,52.94,4.05,38.46,0.83,1.28,0.76,29.42,1.63,0.55,43.98,77.44,17.63,67.25,8.68,96.81,11.72,79.65,37.31,84.24,3.7,41.12,18.18,34.23,0.09,0.83,0.0,0.03,0.28,37.5,0.41,5.53,56.88,3.35,36.08,0.52,26.67,0.31,1.14,9.09,67.3,0,,0,,0,0.0,0.0,0.0,,,0.93,,,0.03,0.0,0.0,0.0,0,0
M. Makarić,67,AaB,AaB,CF,26,1000000,2025-06-30,31,1998,8,4.41,3,1.23,20.45,29.74,Serbia,Serbia,right,184,78,no,3.06,2.61,51.72,3.56,34.18,0.09,0.12,0.14,1.62,2.11,0.54,2,0.09,0,0.0,1.98,0.36,8,0.36,0.2,3,0.14,29,1.31,55.17,27.586,0.14,0.99,31.82,0.14,66.67,0.81,22.22,0.14,2.12,44.68,10.0,21.62,2.21,0.68,0.63,6.44,1.13,1.04,11.67,71.43,3.29,64.38,2.52,91.07,2.84,68.25,10.41,75.76,0.36,37.5,14.56,8.21,0.06,0.36,0.05,0.05,0.18,0.0,0.23,1.08,62.5,0.68,46.67,0.14,0.0,0.32,0.23,1.17,69.23,0,,0,,0,0.0,0.0,0.0,,,0.0,,,0.0,0.0,0.0,0.0,0,0
L. Engel,67,Silkeborg,Silkeborg,LB,23,450000,2027-06-30,32,2211,4,1.74,2,2.7,17.26,57.08,Denmark,Denmark,left,178,70,no,10.75,7.0,67.44,3.62,58.43,0.49,0.59,0.33,5.54,6.63,0.49,2,0.08,0,0.0,2.93,0.16,4,0.16,0.07,1,0.04,22,0.9,36.36,18.182,0.08,3.05,33.33,2.93,33.33,0.12,33.33,0.28,2.04,70.0,3.79,49.46,1.83,1.51,0.37,34.27,3.05,0.49,47.01,74.89,13.23,54.15,10.14,94.78,16.4,79.4,38.63,82.72,5.66,43.88,19.41,34.59,0.11,1.1,0.08,0.04,0.49,33.33,0.37,5.78,50.0,3.18,39.74,1.18,17.24,0.85,0.73,8.67,69.01,0,,0,,0,0.0,0.0,0.0,,,0.69,,,0.0,0.0,0.0,0.16,0,0
A. Grønbæk,67,Bodø / Glimt,AGF,"RCMF, LWF, LW",21,1500000,2027-07-31,31,2122,3,2.35,2,1.49,24.56,47.84,Denmark,Denmark,right,176,73,no,9.08,9.03,58.69,2.93,40.58,0.17,0.22,0.13,3.61,4.57,1.02,4,0.17,0,0.0,3.18,0.13,3,0.13,0.1,0,0.0,32,1.36,28.13,9.375,0.08,1.27,20.0,0.3,28.57,0.93,18.18,0.08,4.71,50.45,9.42,42.34,1.36,1.57,1.19,14.76,1.1,1.78,22.9,68.7,5.77,53.68,4.07,87.5,8.27,66.67,19.09,73.11,2.63,59.68,19.06,30.26,0.06,0.47,0.04,0.04,0.59,28.57,0.17,3.39,58.75,1.7,32.5,0.42,10.0,0.38,0.25,3.44,62.96,0,,0,,0,0.0,0.0,0.0,,,0.25,,,0.47,0.17,0.0,0.42,0,0
M. Højholt,67,AaB,AaB,"RCMF, LCMF",21,1000000,2024-12-31,31,2574,0,1.45,0,0.6,16.68,51.15,Denmark,Denmark,left,182,65,no,8.18,7.45,61.97,1.4,45.0,0.38,0.49,0.21,3.18,4.06,1.22,8,0.28,0,0.0,1.22,0.0,0,0.0,0.05,0,0.0,11,0.38,9.09,0.0,0.0,0.63,50.0,0.24,57.14,0.35,50.0,0.0,1.47,52.38,4.97,42.96,0.63,0.56,0.28,28.32,0.14,0.84,42.38,87.54,11.05,74.05,8.64,95.14,14.23,92.87,39.83,89.55,1.96,58.93,15.75,25.99,0.02,0.24,0.07,0.0,0.28,37.5,0.1,4.13,64.41,1.19,55.88,0.31,33.33,0.45,0.28,4.48,60.16,0,,0,,0,0.0,0.0,0.0,,,0.8,,,0.0,0.0,0.0,0.14,0,0
J. Lonwijk,67,Viborg,Viborg,RCMF,22,700000,2024-06-30,29,2339,3,5.02,3,1.87,21.97,45.01,Netherlands,"Netherlands, Suriname",right,189,80,no,7.96,5.66,57.82,2.5,43.08,0.77,0.96,0.15,3.92,4.87,0.85,6,0.23,0,0.0,3.12,0.12,3,0.12,0.19,1,0.04,46,1.77,32.61,6.522,0.12,2.04,26.42,0.42,45.45,1.58,19.51,0.31,3.12,50.62,9.27,39.0,2.42,1.27,0.81,22.47,1.0,1.08,34.01,77.15,8.39,67.43,6.93,92.78,12.43,81.11,29.51,82.4,2.5,55.38,18.44,31.72,0.07,0.85,0.04,0.0,1.15,36.67,0.69,4.19,66.97,2.58,37.31,1.35,28.57,0.88,0.62,4.42,75.65,0,,0,,0,0.0,0.0,0.0,,,0.27,,,0.0,0.0,0.0,0.0,0,0
M. Bidstrup,67,Nordsjælland,Nordsjælland,"RDMF, RCMF, LDMF",21,1000000,2023-06-30,13,1085,0,0.87,0,0.08,25.71,53.23,Denmark,Denmark,right,178,70,yes,10.78,11.86,62.94,2.57,25.81,0.25,0.32,0.08,3.07,3.96,1.74,3,0.25,0,0.0,1.58,0.0,0,0.0,0.07,0,0.0,9,0.75,11.11,0.0,0.0,0.17,50.0,0.0,0.0,0.17,50.0,0.0,1.99,66.67,6.55,51.9,0.66,1.41,0.5,42.06,0.41,1.41,58.81,89.56,18.08,80.28,11.2,94.07,23.39,94.33,55.66,91.51,2.99,55.56,19.64,34.48,0.01,0.17,0.08,0.0,0.33,25.0,0.08,9.87,78.15,0.83,20.0,0.33,25.0,0.17,0.17,9.71,81.2,0,,0,,0,0.0,0.0,0.0,,,1.16,,,0.0,0.0,0.0,0.08,0,0
M. Ross,67,AaB,AaB,"RCB, CB",21,1000000,2026-06-30,28,2239,2,2.49,0,0.49,17.12,57.04,Denmark,Denmark,right,190,80,no,9.21,5.95,62.84,7.4,51.63,0.56,0.72,0.64,4.9,6.3,1.05,9,0.36,1,0.04,0.52,0.08,2,0.08,0.1,1,0.04,10,0.4,30.0,20.0,0.0,0.28,28.57,0.0,0.0,0.28,28.57,0.04,0.44,63.64,1.17,48.28,0.96,0.28,0.08,31.59,1.37,0.8,44.78,83.48,17.36,71.53,3.38,95.24,18.81,93.16,38.79,89.64,5.75,44.06,20.29,37.78,0.02,0.2,0.0,0.0,0.12,33.33,0.04,5.31,57.58,0.72,27.78,0.72,33.33,0.36,0.08,7.68,56.54,0,,0,,0,0.0,0.0,0.0,,,1.93,,,0.0,0.0,0.0,0.0,0,0
T. Mølgaard,67,AGF,Vejle,"RB, RWB",26,400000,2025-06-30,24,2109,1,0.41,2,1.65,21.55,58.22,Denmark,Denmark,right,182,75,no,10.33,8.02,62.77,2.69,58.73,0.38,0.45,0.38,4.91,5.78,1.15,3,0.13,0,0.0,4.35,0.04,1,0.04,0.02,0,0.0,9,0.38,55.56,11.111,0.09,3.2,40.0,0.0,0.0,3.12,39.73,0.3,3.88,69.23,7.3,57.31,0.6,2.39,0.77,23.56,2.94,0.51,37.68,74.97,12.76,66.56,7.38,92.49,11.74,75.27,30.98,81.68,3.93,47.83,19.03,37.42,0.07,0.6,0.09,0.0,0.17,100.0,0.38,3.63,56.47,3.07,50.0,0.26,33.33,0.51,1.02,8.53,65.5,0,,0,,0,0.0,0.0,0.0,,,0.94,,,0.0,0.0,0.0,0.0,0,0
S. Odey,67,Randers,Randers,CF,24,1500000,2024-06-30,23,1911,7,10.59,1,1.89,25.34,32.9,Nigeria,Nigeria,right,182,78,no,2.97,2.68,59.65,3.86,23.17,0.0,0.0,0.0,1.37,1.66,0.94,2,0.09,1,0.05,3.86,0.33,6,0.28,0.5,1,0.05,58,2.73,48.28,12.069,0.05,1.32,25.0,0.66,28.57,0.66,21.43,0.28,4.52,45.83,13.56,33.33,4.66,2.03,1.18,20.49,1.55,1.13,26.75,78.17,5.89,69.6,6.73,89.51,6.83,75.86,25.2,81.31,0.28,50.0,15.14,5.94,0.09,0.71,0.09,0.0,0.28,50.0,0.28,2.64,82.14,1.41,50.0,0.33,42.86,1.04,0.42,2.45,69.23,0,,0,,0,0.0,0.0,0.0,,,0.05,,,0.0,0.0,0.0,0.0,2,50
E. Sabbi,67,OB,OB,"RAMF, RW",24,700000,2024-06-30,30,2278,3,7.29,3,2.09,34.41,39.72,Ghana,"Ghana, United States",right,178,70,no,7.86,6.8,56.98,4.35,31.82,0.4,0.5,0.08,3.6,4.58,1.34,6,0.24,0,0.0,6.28,0.12,2,0.08,0.29,0,0.0,64,2.53,32.81,4.688,0.12,2.29,24.14,0.16,0.0,2.05,26.92,0.32,9.92,47.41,18.13,39.87,3.6,3.48,2.57,16.67,1.3,2.88,23.59,75.71,6.16,72.44,5.22,91.67,6.83,71.68,20.43,82.21,1.07,51.85,16.97,22.65,0.08,0.47,0.12,0.0,0.63,31.25,0.36,2.57,81.54,2.09,54.72,0.55,28.57,1.07,0.51,3.63,78.26,0,,0,,0,0.0,0.0,0.0,,,0.16,,,0.08,0.08,0.0,0.08,1,100
B. Riveros,67,Brøndby,Brøndby,"LB, LWB",24,1500000,2024-06-30,18,1427,0,0.5,3,1.64,21.07,46.11,Paraguay,Paraguay,left,178,68,no,7.88,4.92,66.67,1.89,50.0,0.19,0.24,0.13,4.41,5.59,0.32,0,0.0,0,0.0,4.67,0.0,0,0.0,0.03,0,0.0,14,0.88,7.14,0.0,0.19,2.96,38.3,2.96,38.3,0.0,0.0,0.13,7.44,44.92,11.86,38.83,1.14,3.72,2.71,29.2,1.83,1.01,42.26,77.01,17.15,67.28,7.95,95.24,11.35,81.67,36.2,82.93,3.41,42.59,18.41,34.68,0.1,1.26,0.0,0.0,0.32,40.0,0.63,4.1,66.15,3.15,60.0,0.63,50.0,0.69,1.2,8.26,60.31,0,,0,,0,0.0,0.0,0.0,,,0.57,,,0.06,0.06,0.0,0.06,0,0
C. Leemans,67,Viborg,Viborg,"LCMF, RCMF",26,400000,2023-06-30,30,1325,4,2.5,2,1.71,12.57,42.7,Netherlands,Netherlands,left,189,79,no,5.64,5.03,52.7,1.83,44.44,0.48,0.62,0.0,2.51,3.26,0.95,4,0.27,0,0.0,1.22,0.27,3,0.2,0.17,0,0.0,21,1.43,33.33,19.048,0.14,0.95,21.43,0.48,14.29,0.48,28.57,0.14,0.68,50.0,2.99,31.82,1.22,0.95,0.27,29.89,1.43,0.48,41.23,82.54,11.62,69.59,9.03,96.24,13.52,84.42,37.7,86.13,2.65,51.28,17.22,26.82,0.12,0.82,0.0,0.0,0.27,75.0,0.54,6.66,74.49,2.72,45.0,0.48,28.57,1.49,0.27,6.11,77.78,0,,0,,0,0.0,0.0,0.0,,,0.61,,,0.0,0.0,0.0,0.2,1,100
K. Pallesen,67,AaB,AaB,"RWB, RB",32,350000,2024-06-30,32,2866,0,1.6,5,5.92,16.36,49.14,Denmark,Denmark,right,175,72,no,6.72,6.19,58.88,1.92,42.62,0.06,0.08,0.06,3.01,3.93,0.97,9,0.28,0,0.0,3.17,0.0,0,0.0,0.05,0,0.0,16,0.5,37.5,0.0,0.16,4.24,31.11,0.13,50.0,4.08,30.77,0.69,2.61,53.01,5.72,42.31,1.51,0.91,0.41,21.89,2.01,0.69,30.55,67.21,10.39,57.1,4.65,89.19,9.14,65.98,22.45,77.9,4.11,44.27,20.43,34.58,0.19,1.19,0.03,0.0,0.53,52.94,0.6,3.64,50.86,3.8,38.02,0.72,17.39,0.5,1.26,6.97,67.57,0,,0,,0,0.0,0.0,0.0,,,0.35,,,0.03,0.0,0.0,0.0,0,0
A. Hansen,67,Nordsjælland,Nordsjælland,GK,26,300000,2023-12-31,15,1462,0,0.0,0,0.0,1.35,90.91,Denmark,Denmark,right,186,74,yes,2.52,0.06,100.0,1.11,88.89,0.0,0.0,0.0,2.46,3.13,0.0,1,0.06,0,0.0,0.0,0.0,0,0.0,0.0,0,0.0,0,0.0,0.0,0.0,0.0,0.0,0.0,0.0,0.0,0.0,0.0,0.0,0.0,0.0,0.06,100.0,0.0,0.0,0.0,23.76,0.12,0.12,34.04,91.5,11.7,77.89,0.0,0.0,19.95,98.46,28.01,98.46,6.03,59.18,24.56,46.93,0.0,0.0,0.0,0.0,0.0,0.0,0.0,1.97,40.63,0.25,0.0,0.12,0.0,0.0,0.0,3.51,59.65,16,0.98,73,4.49,4,78.08,23.45,1.44,7.45,0.459,0.0,1.91,1.11,,,,0.0,0,0
J. Ankersen,67,Randers,Randers,"LW, RW, LAMF",31,400000,2023-06-30,27,1522,2,3.11,2,1.61,22.23,40.96,Denmark,Denmark,right,178,71,no,7.39,6.33,60.75,3.43,37.93,0.47,0.56,0.12,3.07,3.66,0.89,0,0.0,0,0.0,3.49,0.12,2,0.12,0.18,0,0.0,44,2.6,36.36,4.545,0.12,3.9,24.24,2.31,17.95,1.6,33.33,0.59,3.96,35.82,9.28,32.48,3.73,2.78,1.48,24.89,2.54,1.24,33.11,68.21,7.63,53.49,8.16,86.96,9.7,67.07,27.91,75.64,1.48,40.0,17.8,24.44,0.1,0.59,0.06,0.0,0.53,33.33,0.53,2.66,48.89,3.55,41.67,0.41,14.29,0.77,0.89,4.38,58.11,0,,0,,0,0.0,0.0,0.0,,,0.12,,,0.0,0.0,0.0,0.0,0,0
M. Hansen,67,Nordsjælland,Nordsjælland,"CF, RAMF, RWF",20,500000,2026-06-30,22,1199,3,2.9,1,0.75,15.31,43.63,Denmark,Denmark,left,188,79,no,2.85,3.0,62.5,3.0,40.0,0.0,0.0,0.0,0.98,1.29,0.38,0,0.0,0,0.0,3.45,0.23,3,0.23,0.22,1,0.08,28,2.1,28.57,10.714,0.08,2.03,51.85,0.23,66.67,1.73,47.83,0.45,3.6,45.83,7.21,39.58,4.28,1.28,0.38,14.56,1.43,0.83,19.52,77.31,3.53,59.57,5.48,90.41,6.38,78.82,16.81,81.25,0.9,66.67,15.93,16.37,0.06,0.53,0.0,0.0,0.3,50.0,0.3,1.05,64.29,1.95,61.54,0.3,50.0,1.13,0.75,2.33,77.42,0,,0,,0,0.0,0.0,0.0,,,0.08,,,0.53,0.15,0.0,1.35,0,0
M. Hansen,63,Nordsjælland,Nordsjælland,"CF, RAMF, RWF",20,500000,2026-06-30,22,1199,3,2.9,1,0.75,15.31,43.63,Denmark,Denmark,left,188,79,no,2.85,3.0,62.5,3.0,40.0,0.0,0.0,0.0,0.98,1.29,0.38,0,0.0,0,0.0,3.45,0.23,3,0.23,0.22,1,0.08,28,2.1,28.57,10.714,0.08,2.03,51.85,0.23,66.67,1.73,47.83,0.45,3.6,45.83,7.21,39.58,4.28,1.28,0.38,14.56,1.43,0.83,19.52,77.31,3.53,59.57,5.48,90.41,6.38,78.82,16.81,81.25,0.9,66.67,15.93,16.37,0.06,0.53,0.0,0.0,0.3,50.0,0.3,1.05,64.29,1.95,61.54,0.3,50.0,1.13,0.75,2.33,77.42,0,,0,,0,0.0,0.0,0.0,,,0.08,,,0.53,0.15,0.0,1.35,0,0
A. Schjelderup,66,Nordsjælland,Nordsjælland,"CF, AMF, LWF",18,4000000,2024-06-30,22,1428,4,3.4,0,1.35,23.19,38.86,Norway,Norway,right,172,66,no,4.85,4.47,69.01,2.52,17.5,0.57,0.8,0.06,1.2,1.69,0.63,2,0.13,0,0.0,4.03,0.25,2,0.13,0.21,0,0.0,23,1.45,43.48,17.391,0.0,0.95,20.0,0.57,33.33,0.38,0.0,0.19,6.74,42.99,13.42,35.68,2.96,2.9,0.82,20.86,0.88,1.83,27.98,84.68,6.49,75.73,6.49,94.17,8.38,81.2,26.22,88.7,0.88,28.57,15.11,15.56,0.08,0.95,0.06,0.0,0.69,45.45,0.44,2.33,70.27,2.84,62.22,0.63,20.0,1.89,0.25,2.84,75.56,0,,0,,0,0.0,0.0,0.0,,,0.06,,,0.13,0.06,0.0,0.57,2,100
H. Heggheim,66,Brøndby,Brøndby,RCB,21,1500000,2025-06-30,14,1103,1,0.47,0,0.3,18.85,57.14,Norway,Norway,right,185,77,no,11.91,7.75,67.37,3.67,57.78,0.41,0.52,0.33,6.28,8.02,1.22,3,0.24,1,0.08,1.39,0.08,1,0.08,0.04,1,0.08,1,0.08,100.0,100.0,0.0,0.16,50.0,0.0,0.0,0.16,50.0,0.0,1.88,65.22,4.49,45.45,0.57,0.82,0.33,43.33,0.57,0.65,61.12,84.51,30.6,78.4,3.02,89.19,22.03,92.59,52.3,89.08,8.65,57.55,20.77,34.06,0.02,0.16,0.08,0.0,0.08,0.0,0.08,8.89,75.23,0.73,22.22,0.41,0.0,0.24,0.08,13.95,73.68,0,,0,,0,0.0,0.0,0.0,,,1.31,,,0.0,0.0,0.0,0.0,0,0
E. Kahl,66,AGF,AGF,"LB, LWB",20,1300000,2026-06-30,24,2022,2,0.73,3,3.04,19.32,47.0,Sweden,"Sweden, Thailand",left,178,69,no,10.95,8.95,50.75,2.58,44.83,0.58,0.75,0.62,5.83,7.59,0.98,4,0.18,0,0.0,3.92,0.09,2,0.09,0.03,0,0.0,12,0.53,50.0,16.667,0.13,3.25,45.21,3.2,44.44,0.04,100.0,0.27,3.34,62.67,5.43,49.18,0.4,1.51,1.02,25.68,0.98,0.62,38.9,77.92,16.96,70.34,5.56,96.8,11.62,80.84,29.2,87.96,6.68,49.33,21.7,38.06,0.14,0.8,0.0,0.04,0.18,50.0,0.45,6.36,66.43,3.25,42.47,0.36,25.0,0.27,1.38,9.97,71.88,0,,0,,0,0.0,0.0,0.0,,,0.53,,,0.76,0.0,0.0,1.07,0,0
O. Villadsen,66,Nordsjælland,Nordsjælland,"RB, RWB",20,1500000,2024-06-30,32,2861,5,4.13,3,2.46,12.17,44.7,Denmark,Denmark,right,173,67,no,6.51,4.56,52.41,1.23,30.77,0.16,0.2,0.13,3.96,5.14,0.44,2,0.06,0,0.0,2.96,0.16,5,0.16,0.13,1,0.03,16,0.5,75.0,31.25,0.09,3.96,24.6,0.0,0.0,3.93,24.8,0.44,2.52,60.0,4.91,43.59,2.17,2.3,1.26,29.32,3.11,0.69,39.26,77.08,10.13,59.63,9.78,97.11,12.58,79.25,31.27,88.63,4.12,39.69,19.93,33.79,0.08,0.82,0.0,0.0,0.19,50.0,0.53,3.74,56.3,3.11,36.36,0.31,20.0,0.66,0.98,6.51,62.32,0,,0,,0,0.0,0.0,0.0,,,1.32,,,0.0,0.0,0.0,0.09,0,0
A. Hagelskjær,66,AaB,AaB,LCB,25,400000,2024-06-30,29,2160,1,0.42,0,1.49,17.46,63.96,Denmark,Denmark,left,187,80,no,10.54,6.67,71.25,4.33,62.5,0.29,0.38,0.5,5.5,7.19,0.71,7,0.29,0,0.0,1.75,0.04,1,0.04,0.02,1,0.04,3,0.13,33.33,33.333,0.0,1.17,46.43,0.92,50.0,0.25,33.33,0.21,1.54,72.97,3.38,59.26,0.42,0.71,0.17,35.58,0.42,0.54,52.21,81.01,22.38,69.65,4.13,92.93,20.13,90.27,42.38,90.17,8.79,41.71,22.4,44.3,0.06,0.58,0.08,0.04,0.04,100.0,0.21,8.21,56.35,1.92,43.48,1.08,30.77,0.46,0.42,9.92,66.81,0,,0,,0,0.0,0.0,0.0,,,3.0,,,0.04,0.0,0.0,0.0,0,0
O. Antman,66,Nordsjælland,Nordsjælland,"CF, RWF, LAMF",21,1000000,2025-06-30,26,1613,5,4.31,2,2.16,14.62,47.33,Finland,Finland,right,175,65,no,5.08,4.74,58.82,0.61,0.0,0.11,0.14,0.06,2.18,2.72,0.33,0,0.0,0,0.0,4.24,0.28,4,0.22,0.24,0,0.0,35,1.95,37.14,14.286,0.11,2.29,31.71,0.17,66.67,2.12,28.95,0.5,4.58,57.32,7.25,47.69,4.58,2.34,1.67,21.76,2.18,0.45,29.13,78.35,5.86,65.71,7.14,92.19,9.49,78.24,25.16,83.81,1.67,60.0,16.15,23.51,0.12,1.0,0.0,0.0,0.45,37.5,0.45,2.12,57.89,3.12,66.07,0.33,16.67,1.84,0.78,2.68,79.17,0,,0,,0,0.0,0.0,0.0,,,0.0,,,0.11,0.0,0.0,0.06,1,100
S. Graves,66,Randers,Randers,LCB,23,1000000,2024-06-30,21,1777,0,0.71,1,0.46,15.09,61.74,Denmark,Denmark,right,191,80,no,11.24,5.42,63.55,4.86,59.38,0.71,0.82,0.61,7.09,8.24,0.51,3,0.15,1,0.05,0.25,0.0,0,0.0,0.04,0,0.0,5,0.25,40.0,0.0,0.05,0.15,33.33,0.1,50.0,0.05,0.0,0.0,0.2,50.0,1.67,54.55,0.96,0.3,0.0,25.07,0.05,0.71,43.81,85.43,18.94,74.33,2.43,91.67,18.54,95.9,38.39,91.03,5.32,45.71,20.88,35.77,0.02,0.2,0.0,0.0,0.0,0.0,0.1,5.12,63.37,0.46,44.44,0.2,0.0,0.41,0.1,8.05,61.64,0,,0,,0,0.0,0.0,0.0,,,1.87,,,0.0,0.0,0.0,0.0,0,0
F. Brandhof,66,AGF,AGF,"RCMF, LCMF",26,500000,2024-12-31,27,1865,1,1.11,3,1.69,21.43,47.97,Denmark,Denmark,right,182,77,no,8.78,7.0,56.55,3.38,47.14,1.06,1.34,0.34,3.76,4.77,1.69,6,0.29,0,0.0,2.08,0.05,1,0.05,0.05,0,0.0,13,0.63,30.77,7.692,0.14,1.25,34.62,0.24,60.0,1.01,28.57,0.29,2.61,55.56,6.8,44.68,1.35,1.74,1.25,14.96,0.87,1.59,25.87,79.85,7.05,67.12,6.37,96.97,7.91,73.78,22.49,85.62,2.22,43.48,17.38,29.04,0.08,0.48,0.05,0.0,0.14,0.0,0.34,2.56,66.04,1.64,50.0,0.14,0.0,0.58,0.48,3.67,65.79,0,,0,,0,0.0,0.0,0.0,,,0.43,,,0.05,0.0,0.0,0.0,0,0
S. Hausner,66,AGF,AGF,"RCB, LCB",22,1000000,2025-12-31,24,2043,0,0.09,0,0.42,17.75,58.06,Denmark,Denmark,right,187,79,no,11.1,7.09,65.84,6.65,53.64,0.04,0.06,0.53,6.39,8.06,1.19,5,0.22,1,0.04,0.22,0.0,0,0.0,0.0,0,0.0,3,0.13,0.0,0.0,0.0,0.13,100.0,0.04,100.0,0.09,100.0,0.0,0.22,40.0,0.79,44.44,0.44,0.84,0.04,23.3,0.35,0.57,37.8,80.54,13.79,61.02,2.95,94.03,18.02,93.15,29.96,87.65,7.71,52.57,23.33,40.02,0.02,0.04,0.0,0.0,0.04,0.0,0.04,5.64,53.13,0.7,31.25,0.48,9.09,0.26,0.09,7.62,64.16,0,,0,,0,0.0,0.0,0.0,,,2.42,,,0.04,0.0,0.0,0.0,0,0
M. Anderson,66,AGF,AGF,"LCMF, RCMF",24,1500000,2026-06-30,24,1811,5,3.16,1,1.8,23.06,46.55,Iceland,"Iceland, Denmark",right,180,69,no,6.16,6.11,55.28,3.03,39.34,0.2,0.24,0.2,2.58,3.17,1.69,6,0.3,0,0.0,3.23,0.25,5,0.25,0.16,0,0.0,38,1.89,34.21,13.158,0.05,1.44,24.14,1.04,23.81,0.4,25.0,0.15,3.58,59.72,9.94,47.0,1.79,1.94,1.64,14.81,0.6,2.53,24.2,76.8,6.36,68.75,6.01,91.74,7.06,73.94,21.02,83.45,1.99,35.0,17.44,30.6,0.09,0.65,0.0,0.05,0.3,33.33,0.4,2.83,61.4,1.84,43.24,0.5,20.0,0.6,0.45,3.28,65.15,0,,0,,0,0.0,0.0,0.0,,,0.3,,,0.05,0.0,0.0,0.0,0,0
I. Jebali,66,OB,OB,"AMF, LAMF, CF",30,500000,2024-06-30,25,1978,10,9.23,3,3.43,31.49,39.45,Tunisia,Tunisia,right,186,84,no,5.78,6.6,53.1,2.73,30.0,0.18,0.24,0.0,2.09,2.8,2.05,4,0.18,1,0.05,4.37,0.46,7,0.32,0.42,0,0.0,63,2.87,36.51,15.873,0.14,1.68,29.73,0.82,22.22,0.86,36.84,0.32,4.0,60.23,16.06,38.53,3.0,1.77,0.96,24.12,2.0,1.68,33.08,76.34,10.24,64.0,7.28,95.0,9.15,79.6,29.03,80.72,2.37,55.77,17.56,31.12,0.16,1.09,0.0,0.0,1.59,25.71,0.5,5.37,66.1,2.68,52.54,1.91,33.33,1.77,0.5,5.23,83.48,0,,0,,0,0.0,0.0,0.0,,,0.09,,,0.96,0.23,40.0,1.73,5,60
J. Grot,66,Viborg,Viborg,CF,24,600000,2023-06-30,26,1773,4,5.56,0,1.79,24.42,34.72,Netherlands,"Netherlands, Suriname",right,193,98,no,3.55,2.99,52.54,4.82,49.47,0.05,0.06,0.2,1.93,2.32,1.37,2,0.1,0,0.0,3.25,0.2,4,0.2,0.28,1,0.05,44,2.23,45.45,9.091,0.0,1.12,22.73,0.2,0.0,0.86,23.53,0.15,3.76,50.0,10.96,28.7,3.45,1.57,0.46,12.03,2.08,0.56,17.31,76.25,2.94,56.9,5.13,85.15,5.23,78.64,15.89,80.51,0.41,37.5,15.01,9.05,0.09,0.66,0.1,0.0,0.15,66.67,0.36,1.22,75.0,0.81,43.75,0.1,50.0,0.61,0.25,1.32,61.54,0,,0,,0,0.0,0.0,0.0,,,0.1,,,0.05,0.05,0.0,0.0,0,0
A. Munksgaard,66,AGF,AGF,RB,24,400000,2023-12-31,17,1236,0,0.53,0,0.6,14.42,50.0,Denmark,Denmark,right,181,75,no,8.74,6.19,55.29,2.62,38.89,0.51,0.65,0.36,4.81,6.13,1.09,2,0.15,0,0.0,1.67,0.0,0,0.0,0.04,0,0.0,2,0.15,50.0,0.0,0.0,3.2,31.82,0.0,0.0,3.2,31.82,0.29,1.09,53.33,3.28,46.67,0.87,1.17,0.58,22.79,1.46,1.02,34.81,74.9,15.51,69.01,5.61,94.81,8.45,77.59,28.11,83.16,3.57,46.94,18.46,29.54,0.04,0.87,0.07,0.0,0.0,0.0,0.36,4.66,70.31,2.4,42.42,0.22,0.0,0.36,0.95,8.01,64.55,0,,0,,0,0.0,0.0,0.0,,,0.95,,,0.07,0.0,0.0,0.0,0,0
S. Rosted,66,Brøndby,Brøndby,"LCB, RCB",28,1300000,2023-06-30,26,2285,1,1.16,2,0.12,15.16,65.71,Norway,Norway,right,188,79,no,9.22,6.38,74.07,4.88,60.48,0.35,0.46,0.51,4.14,5.32,0.67,8,0.32,0,0.0,0.43,0.04,1,0.04,0.05,1,0.04,13,0.51,30.77,7.692,0.08,0.04,100.0,0.04,100.0,0.0,0.0,0.0,0.51,46.15,1.22,58.06,0.71,1.93,0.51,42.11,0.47,0.67,57.94,89.26,23.83,80.33,3.03,92.21,26.04,96.22,50.69,94.02,7.21,55.74,20.82,38.14,0.0,0.12,0.0,0.0,0.12,0.0,0.04,6.85,72.41,0.75,57.89,0.43,45.45,0.39,0.04,10.6,73.23,0,,0,,0,0.0,0.0,0.0,,,1.38,,,0.0,0.0,0.0,0.0,0,0
M. Greve,66,Vendsyssel,Vejle,LCB,32,150000,,2,181,0,0.05,0,0.0,14.42,75.86,Denmark,Denmark,right,195,76,no,10.94,4.48,66.67,5.47,90.91,0.5,0.7,0.99,7.46,10.47,0.0,0,0.0,0,0.0,0.99,0.0,0,0.0,0.03,0,0.0,1,0.5,100.0,0.0,0.0,0.0,0.0,0.0,0.0,0.0,0.0,0.0,0.5,100.0,1.49,66.67,0.5,0.99,0.5,33.81,0.5,1.49,55.19,90.09,24.36,85.71,1.99,100.0,22.87,95.65,51.22,92.23,3.98,62.5,17.96,31.07,0.0,0.0,0.0,0.0,0.0,0.0,0.0,3.98,75.0,0.0,0.0,0.0,0.0,0.0,0.0,7.46,73.33,0,,0,,0,0.0,0.0,0.0,,,0.99,,,0.0,0.0,0.0,0.0,0,0
M. Greve,66,Brøndby,Brøndby,"RCMF, LCMF, AMF",27,800000,2025-06-30,28,1283,2,1.18,2,1.2,22.52,46.11,Denmark,Denmark,right,186,77,no,6.73,5.82,67.47,4.0,52.63,0.49,0.63,0.14,2.31,2.98,0.91,2,0.14,0,0.0,2.31,0.14,2,0.14,0.08,0,0.0,14,0.98,42.86,14.286,0.14,0.84,25.0,0.49,28.57,0.35,20.0,0.07,3.09,38.64,8.98,30.47,2.31,0.84,0.7,19.22,1.12,0.77,28.97,81.84,9.19,74.05,5.75,95.12,8.49,84.3,27.29,84.58,0.91,46.15,15.57,11.7,0.08,0.7,0.07,0.07,0.98,50.0,0.49,3.37,62.5,1.26,66.67,0.84,50.0,0.98,0.14,4.0,77.19,0,,0,,0,0.0,0.0,0.0,,,0.35,,,0.0,0.0,0.0,0.07,0,0
E. Babayan,66,Randers,Vejle,"LAMF, LW",26,300000,2025-06-30,13,754,0,0.6,2,2.78,20.41,42.11,Denmark,"Denmark, Armenia",left,180,73,no,5.49,5.61,48.94,2.15,55.56,0.12,0.16,0.0,2.63,3.63,1.19,2,0.24,0,0.0,4.77,0.0,0,0.0,0.07,0,0.0,16,1.91,50.0,0.0,0.24,2.98,28.0,2.63,31.82,0.36,0.0,0.24,6.56,43.64,10.74,38.89,1.55,1.79,1.31,16.71,2.03,0.48,25.42,72.3,7.64,59.38,6.56,90.91,6.56,67.27,19.81,81.33,2.86,54.17,19.36,26.12,0.33,1.43,0.0,0.12,0.48,25.0,0.12,4.42,62.16,3.34,39.29,0.84,42.86,0.95,0.72,4.18,71.43,0,,0,,0,0.0,0.0,0.0,,,0.0,,,0.6,0.0,0.0,3.1,0,0
J. Grønning,66,Viborg,Viborg,DMF,31,300000,2024-06-30,29,2533,2,1.93,0,0.49,20.89,56.97,Denmark,Denmark,right,182,67,no,13.54,11.23,64.56,3.55,52.0,0.82,1.03,0.32,5.47,6.91,1.67,7,0.25,0,0.0,0.43,0.07,2,0.07,0.07,0,0.0,11,0.39,27.27,18.182,0.0,0.14,0.0,0.04,0.0,0.11,0.0,0.0,0.6,47.06,2.24,41.27,0.43,0.36,0.04,27.57,0.07,0.78,43.67,83.73,15.67,73.47,4.76,93.28,17.2,92.15,37.84,86.85,5.68,65.0,19.11,32.37,0.02,0.21,0.0,0.04,0.18,20.0,0.0,7.04,69.7,0.53,20.0,0.64,11.11,0.14,0.0,8.35,74.04,0,,0,,0,0.0,0.0,0.0,,,0.36,,,0.0,0.0,0.0,0.0,0,0
K. Mensah,66,Brøndby,Brøndby,"LWB, RWB, LB",31,400000,2023-06-30,20,1885,1,0.95,1,1.71,18.0,51.72,Denmark,"Denmark, Ghana",right,171,72,no,7.4,6.78,54.93,0.91,63.16,0.14,0.19,0.1,3.53,4.72,0.72,2,0.1,0,0.0,4.49,0.05,1,0.05,0.05,0,0.0,14,0.67,21.43,7.143,0.05,3.39,22.54,2.2,17.39,1.19,32.0,0.38,5.06,67.92,8.02,51.79,1.62,2.96,1.62,30.32,1.91,0.48,42.45,76.6,13.89,68.38,8.45,93.22,13.99,79.52,35.05,84.74,4.06,50.59,20.47,37.33,0.08,0.72,0.14,0.05,0.53,27.27,0.43,5.87,71.54,3.2,40.3,0.91,36.84,0.76,0.86,8.64,73.48,0,,0,,0,0.0,0.0,0.0,,,0.72,,,0.0,0.0,0.0,0.0,0,0
M. Lauritsen,66,Viborg,Viborg,LCB,29,400000,2024-06-30,29,2660,2,3.74,0,0.26,16.51,60.45,Denmark,Denmark,right,195,88,no,9.1,4.26,69.05,8.05,55.88,0.54,0.68,0.91,5.62,7.02,0.95,7,0.24,1,0.03,0.3,0.07,2,0.07,0.13,0,0.0,22,0.74,36.36,9.091,0.0,0.0,0.0,0.0,0.0,0.0,0.0,0.0,0.07,50.0,0.64,68.42,1.18,0.91,0.0,29.0,0.27,0.44,43.82,89.42,15.06,76.4,2.33,98.55,23.72,96.58,40.7,92.85,3.11,44.57,21.05,34.11,0.01,0.14,0.0,0.0,0.0,0.0,0.0,4.26,63.49,0.14,0.0,0.14,25.0,0.1,0.0,5.18,66.01,0,,0,,0,0.0,0.0,0.0,,,1.93,,,0.0,0.0,0.0,0.0,0,0
J. Ahlmann,66,AaB,AaB,"LWB, LB",31,400000,2024-06-30,30,1617,1,0.87,1,1.12,20.65,49.33,Denmark,Denmark,left,179,70,no,11.35,8.35,50.67,3.01,55.56,1.61,2.06,0.33,5.51,7.02,2.45,6,0.33,0,0.0,2.45,0.06,1,0.06,0.05,0,0.0,11,0.61,9.09,9.091,0.06,1.95,40.0,1.89,41.18,0.0,0.0,0.11,2.34,61.9,5.34,46.88,1.17,1.5,0.72,25.88,2.28,1.0,38.35,74.02,16.86,62.05,6.73,95.04,7.63,78.1,32.12,79.9,4.34,46.15,16.97,27.29,0.06,0.72,0.0,0.06,0.33,50.0,0.22,6.07,61.47,2.34,45.24,0.56,40.0,0.95,0.61,8.24,66.22,0,,0,,0,0.0,0.0,0.0,,,0.83,,,0.0,0.0,0.0,0.0,0,0
D. Ousted,66,Midtjylland,Midtjylland,GK,37,0,2022-12-31,11,986,0,0.0,0,0.0,1.64,83.33,Denmark,Denmark,right,192,88,no,2.1,0.18,50.0,1.1,91.67,0.0,0.0,0.0,2.01,2.55,0.0,1,0.09,0,0.0,0.27,0.0,0,0.0,0.0,0,0.0,0,0.0,0.0,0.0,0.0,0.0,0.0,0.0,0.0,0.0,0.0,0.0,0.27,100.0,0.37,75.0,0.0,0.0,0.0,13.33,0.0,0.0,21.36,81.62,12.23,71.64,0.0,0.0,7.58,97.59,11.23,99.19,9.95,63.3,34.13,44.26,0.0,0.0,0.0,0.0,0.0,0.0,0.0,1.55,52.94,0.27,33.33,0.0,0.0,0.09,0.0,7.3,67.5,11,1.0,43,3.92,2,74.42,11.17,1.02,0.17,0.016,0.0,1.73,1.1,,,,0.0,0,0
O. Sonne,65,Silkeborg,Silkeborg,"LB, RB",21,300000,2026-06-30,15,834,0,0.5,1,0.67,17.48,51.85,Denmark,Denmark,right,184,78,no,10.58,8.53,60.76,1.94,55.56,0.54,0.7,0.32,4.86,6.28,0.43,1,0.11,0,0.0,1.4,0.0,0,0.0,0.05,0,0.0,8,0.86,37.5,0.0,0.11,2.37,18.18,1.73,18.75,0.54,20.0,0.11,1.73,37.5,3.78,31.43,2.16,2.37,0.54,37.55,3.67,0.76,49.42,80.35,8.85,56.1,14.78,92.7,15.76,81.51,43.6,86.39,3.67,50.0,16.62,25.01,0.07,1.08,0.0,0.0,0.22,0.0,0.65,2.37,63.64,2.91,40.74,0.22,0.0,1.73,0.22,6.69,54.84,0,,0,,0,0.0,0.0,0.0,,,0.65,,,0.0,0.0,0.0,0.0,0,0
A. Klynge,65,Silkeborg,Silkeborg,"RCMF, LCMF",21,500000,2025-06-30,31,1961,2,2.36,5,2.96,18.59,46.42,Denmark,Denmark,right,0,0,no,8.03,7.66,64.67,1.97,25.58,0.14,0.17,0.14,2.94,3.56,0.55,0,0.0,0,0.0,1.79,0.09,2,0.09,0.11,0,0.0,14,0.64,42.86,14.286,0.23,0.78,47.06,0.32,28.57,0.46,60.0,0.05,1.56,55.88,6.15,40.3,1.84,1.15,0.37,41.81,0.87,0.73,53.61,87.24,12.9,72.95,13.45,96.59,14.73,91.9,51.04,89.12,1.79,51.28,14.71,23.39,0.14,1.01,0.18,0.05,0.69,40.0,0.28,5.65,69.92,1.7,59.46,0.83,27.78,1.19,0.37,5.83,74.02,0,,0,,0,0.0,0.0,0.0,,,0.41,,,0.14,0.0,0.0,1.19,0,0
J. Bonde,65,Viborg,Viborg,"LCMF, DMF",28,450000,2024-06-30,32,2809,6,7.98,0,1.94,14.77,49.67,Denmark,Denmark,left,186,75,no,7.47,4.65,58.62,3.97,45.97,0.83,1.06,0.26,3.91,4.96,0.93,6,0.19,0,0.0,1.47,0.19,3,0.1,0.26,0,0.0,45,1.44,26.67,13.333,0.0,0.64,55.0,0.35,63.64,0.16,60.0,0.06,0.93,48.28,3.08,39.58,1.63,0.64,0.16,33.23,0.64,0.64,45.72,85.28,14.48,74.78,7.88,94.72,17.11,91.2,41.3,88.44,3.78,55.93,18.56,33.34,0.06,0.67,0.0,0.06,0.61,47.37,0.32,8.55,76.03,1.35,57.14,0.83,26.92,0.87,0.32,7.08,80.09,0,,0,,0,0.0,0.0,0.0,,,0.32,,,0.0,0.0,0.0,0.03,4,75
W. Bøving,65,Sturm Graz,København,"LW, LAMF, LWF",19,2500000,2025-06-30,26,1346,2,1.95,3,1.33,25.61,41.51,Denmark,Denmark,right,176,0,no,8.42,7.89,66.95,2.61,17.95,0.13,0.17,0.13,3.01,3.79,0.33,0,0.0,0,0.0,2.81,0.13,2,0.13,0.13,0,0.0,21,1.4,23.81,9.524,0.2,1.47,22.73,1.2,27.78,0.27,0.0,0.13,4.81,41.67,11.3,32.54,2.67,2.54,1.81,15.65,1.6,1.2,24.34,79.95,4.61,65.22,6.22,95.7,7.69,80.87,21.8,85.58,1.07,43.75,15.06,12.44,0.09,0.74,0.07,0.07,0.33,40.0,0.4,1.27,57.89,1.4,61.9,0.33,20.0,0.8,0.33,2.07,67.74,0,,0,,0,0.0,0.0,0.0,,,0.0,,,0.0,0.0,0.0,0.07,0,0
M. Diomande,65,Nordsjælland,Nordsjælland,"AMF, RCMF",20,1300000,2024-12-31,25,1599,3,1.9,0,0.93,23.7,42.76,Côte d'Ivoire,Côte d'Ivoire,left,175,75,no,6.25,6.36,61.95,2.53,26.67,0.23,0.3,0.06,2.08,2.81,1.18,7,0.39,0,0.0,3.38,0.17,3,0.17,0.11,1,0.06,27,1.52,22.22,11.111,0.0,1.18,28.57,0.73,15.38,0.39,42.86,0.17,3.6,56.25,10.53,40.11,2.42,1.24,0.84,32.98,0.51,1.74,42.72,84.45,12.38,74.09,7.77,92.75,13.68,85.6,39.17,88.22,2.36,50.0,16.5,21.69,0.05,0.62,0.0,0.0,1.46,46.15,0.34,5.63,71.0,2.81,44.0,1.01,22.22,1.29,0.28,6.19,80.0,0,,0,,0,0.0,0.0,0.0,,,0.17,,,0.0,0.0,0.0,0.0,0,0
A. Francis,65,Cercle Brugge,Nordsjælland,"RCMF, LCMF, AMF",21,1000000,2023-06-30,16,1099,0,2.47,0,0.02,22.85,45.88,Ghana,Ghana,right,184,72,no,9.34,6.55,66.25,5.32,44.62,0.33,0.45,0.16,4.67,6.43,1.31,2,0.16,1,0.08,1.8,0.0,0,0.0,0.2,0,0.0,21,1.72,23.81,0.0,0.0,0.57,14.29,0.0,0.0,0.57,14.29,0.0,1.88,56.52,6.39,33.33,2.46,0.49,0.33,26.37,0.74,0.9,39.23,80.79,10.89,65.41,7.53,94.57,13.27,85.19,35.62,84.14,3.11,55.26,17.56,33.94,0.0,0.16,0.0,0.0,0.57,42.86,0.0,4.75,67.24,1.64,55.0,0.74,33.33,0.74,0.16,4.59,75.0,0,,0,,0,0.0,0.0,0.0,,,0.49,,,0.0,0.0,0.0,0.08,0,0
O. Bundgaard,65,Randers,Randers,LB,21,800000,2026-06-30,28,1954,0,1.68,1,0.76,25.33,49.27,Denmark,Denmark,left,182,72,no,10.27,8.38,60.99,6.59,43.36,0.32,0.39,0.23,4.84,5.78,1.2,1,0.05,0,0.0,3.87,0.0,0,0.0,0.08,0,0.0,12,0.55,33.33,0.0,0.05,3.5,32.89,3.5,32.89,0.0,0.0,0.28,3.92,57.65,6.36,47.1,0.92,1.84,0.64,23.49,2.12,0.74,36.2,65.27,16.49,57.26,4.47,96.91,9.99,64.52,28.69,72.71,4.47,39.18,20.85,28.55,0.04,0.41,0.0,0.05,0.74,37.5,0.23,5.57,48.76,3.36,46.58,0.51,27.27,0.37,1.11,9.76,61.32,0,,0,,0,0.0,0.0,0.0,,,0.64,,,0.0,0.0,0.0,0.09,0,0
T. Klysner,65,Randers,Randers,"RW, LW, RB",21,700000,2024-12-31,25,926,0,1.4,1,0.73,24.88,39.84,Denmark,Denmark,right,170,69,no,7.78,7.1,50.68,3.5,36.11,0.19,0.24,0.0,3.98,4.88,0.87,0,0.0,0,0.0,4.28,0.0,0,0.0,0.14,0,0.0,13,1.26,46.15,0.0,0.1,2.72,25.0,0.49,20.0,2.24,26.09,0.29,5.25,51.85,9.91,36.27,2.24,3.21,2.14,21.38,1.36,0.39,31.78,75.84,7.48,71.43,7.29,88.0,9.62,68.69,28.19,81.38,0.97,60.0,14.8,11.85,0.07,0.68,0.0,0.0,0.68,42.86,0.29,2.72,82.14,3.01,45.16,0.58,33.33,0.97,0.58,4.76,71.43,0,,0,,0,0.0,0.0,0.0,,,0.39,,,0.0,0.0,0.0,0.0,0,0
C. Cappis,65,Brøndby,Brøndby,"LCMF, RCMF",23,1300000,2025-06-30,27,1177,4,1.75,0,0.76,26.23,48.69,United States,United States,left,185,72,no,10.78,11.16,60.96,3.36,27.27,0.61,0.77,0.46,3.36,4.22,1.07,2,0.15,0,0.0,2.83,0.31,4,0.31,0.13,0,0.0,20,1.53,45.0,20.0,0.0,0.99,38.46,0.54,42.86,0.46,33.33,0.23,2.37,64.52,7.72,42.57,1.45,1.22,0.15,24.47,0.46,0.99,37.7,80.53,14.38,69.15,6.42,94.05,11.01,84.72,33.57,84.05,3.21,54.76,17.93,25.28,0.06,0.69,0.0,0.08,0.54,42.86,0.15,6.27,76.83,1.84,54.17,0.54,28.57,0.99,0.38,7.19,75.53,0,,0,,0,0.0,0.0,0.0,,,0.23,,,0.15,0.0,0.0,0.31,0,0
J. King,65,OB,OB,LB,21,500000,2025-06-30,11,991,0,0.23,1,1.12,13.62,52.0,Australia,Australia,left,180,68,no,8.17,5.9,56.92,2.18,62.5,0.0,0.0,0.27,4.81,6.57,0.64,1,0.09,0,0.0,1.0,0.0,0,0.0,0.02,0,0.0,6,0.54,0.0,0.0,0.09,1.54,17.65,1.45,12.5,0.09,100.0,0.09,0.91,70.0,3.36,40.54,0.64,1.09,0.09,35.51,1.82,0.36,48.04,82.61,16.62,71.04,5.63,98.39,17.89,86.29,39.96,90.23,6.81,49.33,19.42,35.7,0.1,0.45,0.0,0.0,0.18,50.0,0.27,5.09,58.93,2.27,44.0,0.82,44.44,0.91,0.27,10.81,69.75,0,,0,,0,0.0,0.0,0.0,,,0.27,,,0.09,0.0,0.0,1.91,0,0
B. Nygren,65,Nordsjælland,Nordsjælland,"CF, RAMF",20,1000000,2025-12-31,12,677,1,1.26,0,0.4,16.75,36.51,Sweden,Sweden,left,184,77,no,2.53,4.25,50.0,3.86,27.59,0.0,0.0,0.0,0.4,0.56,1.33,3,0.4,0,0.0,1.33,0.13,1,0.13,0.17,1,0.13,14,1.86,35.71,7.143,0.0,0.66,20.0,0.0,0.0,0.66,20.0,0.0,0.8,50.0,5.32,32.5,2.13,1.06,0.13,23.0,1.33,0.93,29.91,85.33,4.52,70.59,10.24,89.61,8.24,88.71,28.32,86.85,0.93,85.71,12.88,11.58,0.05,0.66,0.0,0.0,0.66,20.0,0.27,1.73,84.62,1.33,60.0,0.4,33.33,0.93,0.13,2.26,58.82,0,,0,,0,0.0,0.0,0.0,,,0.0,,,0.27,0.13,0.0,0.66,0,0
D. Anyembe,65,Viborg,Viborg,RB,24,350000,2025-06-30,22,1539,0,0.07,0,2.33,12.4,46.7,Denmark,"Denmark, Kenya",right,189,77,no,7.54,6.32,52.78,1.7,24.14,0.12,0.15,0.0,4.09,5.24,0.35,1,0.06,0,0.0,2.16,0.0,0,0.0,0.0,0,0.0,2,0.12,50.0,0.0,0.0,2.87,53.06,0.06,100.0,2.81,52.08,0.35,0.88,66.67,2.81,45.83,0.53,1.35,0.53,34.85,1.7,0.41,47.72,82.97,17.02,71.82,8.42,97.22,16.49,86.88,39.06,88.77,5.79,58.59,19.77,32.07,0.14,1.11,0.0,0.0,0.18,0.0,0.58,6.49,74.77,2.69,52.17,0.47,12.5,0.29,1.52,10.29,72.73,0,,0,,0,0.0,0.0,0.0,,,1.87,,,0.0,0.0,0.0,0.0,0,0
A. D'Alberto,65,AGF,AGF,"RB, RWB",27,500000,2024-06-30,19,1369,0,0.62,1,0.37,17.03,51.35,Congo DR,"Congo DR, Belgium",right,178,69,no,9.8,7.76,60.17,2.83,46.51,0.0,0.0,0.13,5.13,6.54,0.53,2,0.13,0,0.0,1.64,0.0,0,0.0,0.04,0,0.0,7,0.46,28.57,0.0,0.07,2.3,22.86,0.0,0.0,2.24,23.53,0.26,1.45,59.09,3.42,40.38,0.72,1.31,0.92,23.21,1.64,0.33,36.29,74.46,15.84,68.88,6.44,92.86,9.6,72.6,29.19,82.43,5.06,49.35,19.28,28.31,0.02,0.33,0.0,0.07,0.33,40.0,0.26,6.05,67.39,2.1,34.38,0.46,57.14,0.39,0.66,9.34,70.42,0,,0,,0,0.0,0.0,0.0,,,1.58,,,0.0,0.0,0.0,0.0,0,0
J. Felix,65,Silkeborg,Silkeborg,LCB,24,400000,2024-06-30,20,1517,0,0.18,0,0.0,14.24,62.5,St. Lucia,"St. Lucia, Denmark",left,190,81,no,8.9,5.52,75.27,4.45,53.33,0.0,0.0,0.36,4.75,5.44,0.59,2,0.12,0,0.0,0.3,0.0,0,0.0,0.01,0,0.0,2,0.12,0.0,0.0,0.0,0.0,0.0,0.0,0.0,0.0,0.0,0.0,0.47,62.5,1.25,47.62,0.24,0.89,0.06,51.85,0.06,0.24,70.3,90.63,29.55,83.33,2.91,97.96,32.81,96.75,62.95,94.63,7.36,56.45,19.83,33.34,0.0,0.0,0.0,0.06,0.06,0.0,0.0,7.3,73.17,0.24,0.0,0.3,20.0,0.06,0.0,11.57,74.36,0,,0,,0,0.0,0.0,0.0,,,2.2,,,0.0,0.0,0.0,0.0,0,0
R. Gojani,65,Silkeborg,Silkeborg,LCMF,29,400000,2024-06-30,22,1545,0,1.06,3,1.18,17.07,50.17,Sweden,"Sweden, Kosovo",right,174,71,no,9.2,7.22,62.1,0.99,11.76,0.23,0.28,0.29,4.49,5.36,1.17,1,0.06,1,0.06,1.11,0.0,0,0.0,0.06,0,0.0,21,1.22,23.81,0.0,0.17,0.23,25.0,0.23,25.0,0.0,0.0,0.0,1.57,29.63,5.01,44.19,0.82,1.17,0.52,43.22,0.29,0.93,54.82,85.76,17.88,73.29,8.21,93.62,20.39,91.43,48.82,89.5,5.83,56.0,17.91,36.68,0.07,0.7,0.0,0.0,1.11,26.32,0.41,8.97,67.53,2.27,53.85,1.92,27.27,1.28,0.06,8.62,71.62,0,,0,,0,0.0,0.0,0.0,,,0.58,,,0.12,0.0,0.0,1.17,0,0
F. Lauenborg,65,Randers,Randers,"LCMF, RCMF",25,700000,2026-06-30,27,1863,0,1.85,1,1.63,21.16,49.77,Denmark,Denmark,left,181,74,no,11.21,7.78,59.63,6.28,54.62,0.24,0.28,0.43,6.33,7.35,0.82,2,0.1,0,0.0,1.16,0.0,0,0.0,0.09,0,0.0,17,0.82,35.29,0.0,0.05,0.34,42.86,0.24,40.0,0.1,50.0,0.1,1.06,45.45,3.38,24.29,1.06,0.14,0.19,22.42,0.43,0.63,36.14,81.68,11.21,67.67,7.0,95.86,10.63,88.18,33.19,85.15,2.61,42.59,16.73,31.91,0.08,0.68,0.0,0.0,0.34,71.43,0.24,4.4,64.84,0.92,47.37,0.63,53.85,0.43,0.14,4.69,60.82,0,,0,,0,0.0,0.0,0.0,,,0.77,,,0.0,0.0,0.0,0.92,0,0
R. Corlu,65,Lyngby,Brøndby,"RCMF, RW",25,400000,2024-06-30,3,111,0,0.0,0,0.02,27.57,44.12,Denmark,"Denmark, Turkey",left,170,70,no,9.73,11.35,57.14,0.0,0.0,0.81,1.43,0.0,2.43,4.29,2.43,0,0.0,0,0.0,1.62,0.0,0,0.0,0.0,0,0.0,0,0.0,0.0,0.0,0.0,2.43,0.0,0.0,0.0,2.43,0.0,0.81,4.86,33.33,9.73,25.0,0.81,0.81,0.0,19.46,0.0,0.0,31.62,79.49,6.49,75.0,11.35,100.0,8.92,54.55,24.32,93.33,4.86,50.0,16.56,26.18,0.02,0.81,0.0,0.0,0.0,0.0,0.0,2.43,0.0,2.43,0.0,0.81,0.0,0.0,0.81,1.62,50.0,0,,0,,0,0.0,0.0,0.0,,,0.0,,,1.62,0.0,0.0,0.81,0,0
N. Bürgy,65,Viborg,Viborg,RCB,26,400000,2025-06-30,15,1493,2,0.96,0,0.12,12.42,64.08,Switzerland,Switzerland,right,185,80,no,8.44,5.61,70.97,3.98,62.12,0.3,0.38,0.6,4.16,5.21,0.3,2,0.12,0,0.0,0.36,0.12,2,0.12,0.06,0,0.0,4,0.24,50.0,50.0,0.0,0.18,66.67,0.0,0.0,0.18,66.67,0.0,0.18,66.67,0.96,50.0,0.54,1.02,0.06,38.46,0.12,0.3,55.22,87.77,22.18,77.45,3.01,92.0,25.98,95.59,48.1,93.11,6.93,51.3,21.87,36.31,0.01,0.3,0.0,0.0,0.06,0.0,0.0,8.62,69.93,0.72,50.0,0.48,25.0,0.36,0.12,9.95,79.39,0,,0,,0,0.0,0.0,0.0,,,1.93,,,0.0,0.0,0.0,0.0,0,0
O. Lund,65,AGF,AGF,"LB, RB, RWB",31,400000,2023-06-30,26,1714,0,1.01,0,0.3,22.74,53.35,Denmark,Denmark,right,188,79,no,11.29,9.14,59.77,4.41,51.19,0.63,0.79,0.21,5.2,6.48,1.73,6,0.32,0,0.0,1.73,0.0,0,0.0,0.05,0,0.0,15,0.79,6.67,0.0,0.0,2.05,20.51,1.1,19.05,0.95,22.22,0.21,1.84,65.71,4.78,54.95,1.0,1.63,0.74,23.58,1.05,1.52,36.28,73.95,15.12,64.58,5.46,96.15,10.29,73.47,29.88,83.13,4.41,35.71,21.65,33.51,0.02,0.37,0.0,0.0,0.42,12.5,0.16,6.3,59.17,2.21,21.43,0.32,33.33,0.21,0.47,7.67,64.38,0,,0,,0,0.0,0.0,0.0,,,1.47,,,0.0,0.0,0.0,0.0,0,0
A. Calisir,65,Silkeborg,Silkeborg,LCB,32,250000,2023-12-31,17,1457,0,0.06,0,0.36,16.86,53.85,Sweden,"Sweden, Armenia",right,187,76,no,10.01,6.79,60.0,4.45,50.0,0.25,0.32,0.56,5.68,7.26,1.11,6,0.37,0,0.0,0.62,0.0,0,0.0,0.0,0,0.0,1,0.06,100.0,0.0,0.0,0.0,0.0,0.0,0.0,0.0,0.0,0.0,0.56,88.89,2.41,53.85,0.25,0.49,0.06,47.56,0.12,0.62,64.92,89.06,28.11,81.54,2.1,91.18,29.84,95.65,57.82,93.8,7.1,50.43,20.63,36.03,0.02,0.06,0.0,0.0,0.12,50.0,0.0,5.87,68.42,0.12,0.0,0.43,57.14,0.06,0.0,9.33,60.26,0,,0,,0,0.0,0.0,0.0,,,1.3,,,0.0,0.0,0.0,0.0,0,0
J. Skjelvik,65,OB,OB,LB,31,400000,2023-06-30,29,2336,3,0.67,1,2.52,12.71,49.39,Norway,Norway,left,183,77,no,6.63,4.74,61.79,1.54,57.5,0.04,0.05,0.19,3.66,4.68,0.39,1,0.04,0,0.0,2.16,0.12,3,0.12,0.03,0,0.0,15,0.58,53.33,20.0,0.04,2.47,26.56,2.27,22.03,0.19,80.0,0.46,2.08,51.85,3.81,37.37,1.04,1.96,1.04,34.06,1.16,0.27,45.23,79.56,16.37,71.29,5.7,93.24,16.61,83.53,39.11,85.81,3.93,46.08,18.06,32.87,0.1,1.04,0.0,0.0,0.19,60.0,0.31,4.51,63.25,2.23,39.66,0.31,25.0,0.46,0.65,9.48,65.85,0,,0,,0,0.0,0.0,0.0,,,0.58,,,0.58,0.04,100.0,1.77,0,0
L. Coulibaly,64,Nordsjælland,Nordsjælland,"CF, RCMF",19,1000000,,23,1330,0,2.82,3,2.61,25.78,36.75,Denmark,Denmark,,0,0,no,6.36,7.51,54.95,1.89,14.29,0.27,0.39,0.0,1.96,2.83,2.57,4,0.27,1,0.07,2.84,0.0,0,0.0,0.19,0,0.0,17,1.15,41.18,0.0,0.2,1.49,31.82,0.2,0.0,1.29,36.84,0.07,4.2,45.16,11.23,33.13,3.52,1.89,1.35,12.86,1.15,1.08,21.05,84.57,3.99,79.66,5.55,95.12,6.29,80.65,18.88,89.25,0.74,63.64,17.17,9.67,0.18,1.29,0.07,0.0,0.07,0.0,0.95,1.62,79.17,1.56,69.57,0.0,0.0,0.95,0.41,2.1,74.19,0,,0,,0,0.0,0.0,0.0,,,0.27,,,0.0,0.0,0.0,0.0,0,0
Y. Bakiz,64,Viborg,Viborg,"LWF, LW",23,450000,2026-06-30,28,2141,3,3.99,3,2.01,22.15,44.97,Denmark,"Denmark, Morocco",right,171,65,no,6.1,6.18,55.1,1.47,34.29,0.21,0.26,0.13,2.48,3.06,1.39,3,0.13,0,0.0,3.57,0.13,3,0.13,0.17,0,0.0,50,2.1,26.0,6.0,0.13,1.68,40.0,1.05,44.0,0.63,33.33,0.17,4.71,46.43,11.35,45.19,2.31,1.81,0.38,23.71,1.47,2.52,31.4,78.45,7.15,61.76,7.36,89.14,10.47,82.73,27.95,81.65,1.85,63.64,17.78,31.32,0.08,0.59,0.04,0.04,0.76,22.22,0.38,2.94,62.86,2.61,51.61,0.59,21.43,0.84,0.63,4.2,76.0,0,,0,,0,0.0,0.0,0.0,,,0.04,,,0.0,0.0,0.0,0.0,1,0
M. Kvistgaarden,64,Brøndby,Brøndby,CF,20,2000000,2025-06-30,16,820,5,3.31,1,0.99,32.38,40.68,Denmark,Denmark,right,175,68,no,6.26,4.94,71.11,7.68,38.57,0.88,1.14,0.0,1.87,2.42,1.76,1,0.11,0,0.0,4.72,0.55,5,0.55,0.36,2,0.22,29,3.18,37.93,17.241,0.11,1.54,35.71,0.22,50.0,1.21,36.36,0.11,6.04,47.27,14.49,35.61,4.61,2.2,1.1,12.51,1.43,3.29,15.37,70.0,2.96,48.15,4.39,87.5,4.28,66.67,12.95,75.42,0.88,50.0,16.03,13.9,0.11,0.77,0.0,0.0,0.22,50.0,0.44,0.88,37.5,1.32,50.0,0.33,33.33,0.44,0.44,1.65,66.67,0,,0,,0,0.0,0.0,0.0,,,0.0,,,0.0,0.0,0.0,0.11,0,0
G. Links,64,AGF,AGF,"RWF, LW, RW",23,600000,2024-06-30,21,1048,1,0.86,1,1.14,23.79,46.21,South Africa,South Africa,left,170,60,no,6.78,7.13,61.45,1.98,13.04,0.0,0.0,0.0,2.4,3.1,1.37,2,0.17,0,0.0,4.29,0.09,1,0.09,0.07,0,0.0,16,1.37,18.75,6.25,0.09,4.38,27.45,1.8,14.29,2.58,36.67,0.94,5.15,53.33,11.25,45.8,2.15,3.09,2.75,17.09,1.46,2.06,30.83,72.14,7.47,73.56,6.78,87.34,9.19,61.68,25.16,81.23,1.37,43.75,16.27,16.52,0.1,1.03,0.17,0.0,0.26,33.33,0.52,2.23,65.38,4.12,45.83,0.6,42.86,1.2,1.29,4.81,76.79,0,,0,,0,0.0,0.0,0.0,,,0.17,,,0.43,0.0,0.0,0.86,0,0
A. Mucolli,64,Vejle,Vejle,"LW, AMF, RCMF",23,400000,2023-06-30,26,2176,5,3.41,1,2.43,28.08,46.83,Denmark,"Denmark, Albania",left,175,70,no,6.91,7.44,61.11,2.27,16.36,0.21,0.25,0.04,2.15,2.61,1.41,7,0.29,1,0.04,4.38,0.21,5,0.21,0.14,0,0.0,43,1.78,37.21,11.628,0.04,2.11,23.53,1.49,25.0,0.58,21.43,0.29,5.21,61.11,14.02,47.79,2.27,2.73,0.79,23.24,1.36,2.44,34.04,82.38,7.65,68.65,7.86,92.63,11.99,84.48,28.79,88.79,3.27,60.76,17.8,33.36,0.1,1.28,0.0,0.04,0.41,10.0,0.41,3.06,70.27,2.23,50.0,0.7,11.76,0.7,0.5,4.14,72.0,0,,0,,0,0.0,0.0,0.0,,,0.08,,,0.7,0.0,0.0,0.58,0,0
D. Kurminowski,64,Zagłębie Lubin,AGF,CF,23,500000,2026-06-30,25,1094,2,3.6,0,0.24,22.95,28.32,Poland,Poland,right,182,74,yes,3.46,3.54,51.16,6.91,23.81,0.25,0.31,0.08,1.4,1.78,1.73,0,0.0,0,0.0,1.56,0.16,2,0.16,0.3,0,0.0,24,1.97,50.0,8.333,0.0,0.16,50.0,0.08,100.0,0.08,0.0,0.08,1.23,33.33,5.92,18.06,3.46,0.16,0.58,8.8,2.14,0.41,10.94,75.19,2.71,60.61,2.63,90.63,2.39,79.31,10.69,75.38,0.08,100.0,11.4,0.93,0.02,0.58,0.0,0.0,0.25,33.33,0.0,1.07,69.23,0.41,80.0,0.16,50.0,0.41,0.08,0.74,66.67,0,,0,,0,0.0,0.0,0.0,,,0.0,,,0.0,0.0,0.0,0.0,0,0
M. Frese,64,Nordsjælland,Nordsjælland,"LB, LWB",24,800000,2024-06-30,30,2163,1,3.06,2,3.96,15.19,53.42,Denmark,Denmark,left,179,75,no,8.57,5.53,60.9,4.2,47.52,0.17,0.22,0.12,5.03,6.55,1.41,5,0.21,0,0.0,2.75,0.04,1,0.04,0.13,0,0.0,30,1.25,36.67,3.333,0.08,3.91,45.74,3.58,43.02,0.33,75.0,0.5,0.79,57.89,2.54,50.82,2.54,2.08,0.87,33.25,3.2,1.08,44.56,76.1,15.89,64.66,8.2,91.37,13.69,81.16,36.49,83.69,4.58,40.91,19.65,35.67,0.16,1.54,0.04,0.0,0.29,14.29,0.54,5.33,63.28,3.54,50.59,0.54,15.38,0.58,1.41,9.4,65.49,0,,0,,0,0.0,0.0,0.0,,,0.58,,,0.79,0.29,42.86,2.66,0,0
M. Egho,64,Randers,Randers,CF,28,400000,2024-06-30,10,562,1,1.34,0,0.02,34.91,36.7,Austria,Austria,right,187,80,no,4.64,2.4,46.67,17.14,46.73,0.8,1.02,0.16,2.72,3.47,1.92,1,0.16,0,0.0,1.12,0.16,1,0.16,0.21,0,0.0,6,0.96,50.0,16.667,0.0,0.32,50.0,0.32,50.0,0.0,0.0,0.0,1.44,33.33,7.21,17.78,2.72,0.32,0.0,6.25,1.28,0.96,10.09,73.02,3.84,54.17,2.24,92.86,1.6,80.0,9.13,77.19,0.64,25.0,12.1,6.61,0.0,0.32,0.0,0.16,0.0,0.0,0.0,0.48,33.33,0.48,66.67,0.0,0.0,0.16,0.16,0.96,33.33,0,,0,,0,0.0,0.0,0.0,,,0.16,,,0.0,0.0,0.0,0.0,0,0
T. Mikkelsen,64,Brøndby,Brøndby,GK,38,50000,2023-06-30,3,296,0,0.0,0,0.0,0.0,0.0,Denmark,Denmark,right,190,83,no,0.61,0.0,0.0,0.0,0.0,0.0,0.0,0.0,0.61,0.97,0.0,0,0.0,0,0.0,0.0,0.0,0,0.0,0.0,0,0.0,0,0.0,0.0,0.0,0.0,0.0,0.0,0.0,0.0,0.0,0.0,0.0,0.0,0.0,0.0,0.0,0.0,0.0,0.0,13.68,0.91,0.0,19.16,79.37,9.73,68.75,0.0,0.0,7.91,92.31,9.73,90.63,9.43,67.74,33.53,48.01,0.0,0.0,0.0,0.0,0.0,0.0,0.0,1.82,50.0,0.0,0.0,0.91,66.67,0.0,0.0,7.91,57.69,3,0.91,11,3.34,1,72.73,3.38,1.03,0.38,0.116,0.0,0.61,0.0,,,,0.0,0,0
K. Larsen,64,OB,OB,RCB,29,400000,2024-06-30,22,2059,0,0.34,0,0.05,11.23,59.53,Denmark,Denmark,right,190,88,no,6.43,3.23,67.57,5.03,57.39,0.17,0.23,0.92,4.07,5.38,0.48,4,0.17,0,0.0,0.22,0.0,0,0.0,0.01,0,0.0,2,0.09,0.0,0.0,0.0,0.04,100.0,0.0,0.0,0.04,100.0,0.0,0.26,66.67,0.79,66.67,0.35,0.26,0.09,32.26,0.09,0.31,46.03,86.32,20.15,77.01,1.84,95.24,20.02,95.85,38.64,92.42,7.34,54.17,21.87,40.28,0.0,0.04,0.09,0.0,0.04,0.0,0.0,6.12,62.14,0.57,38.46,0.87,35.0,0.22,0.04,8.39,72.92,0,,0,,0,0.0,0.0,0.0,,,1.49,,,0.0,0.0,0.0,0.0,0,0
M. Andersen,64,Viborg,Viborg,GK,33,200000,2023-06-30,6,586,0,0.0,0,0.0,0.61,50.0,Denmark,Denmark,right,195,80,no,1.38,0.0,0.0,0.31,100.0,0.0,0.0,0.0,1.38,1.65,0.0,0,0.0,0,0.0,0.0,0.0,0,0.0,0.0,0,0.0,0,0.0,0.0,0.0,0.0,0.0,0.0,0.0,0.0,0.0,0.0,0.0,0.0,0.0,0.15,0.0,0.0,0.0,0.0,9.06,0.15,0.0,12.9,84.52,8.14,79.25,0.0,0.0,4.3,92.86,7.99,96.15,4.91,65.63,30.18,47.99,0.0,0.0,0.0,0.0,0.0,0.0,0.0,0.46,33.33,0.0,0.0,0.0,0.0,0.0,0.0,3.99,80.77,9,1.38,34,5.22,0,73.53,9.19,1.41,0.19,0.029,0.0,1.08,0.31,,,,0.0,0,0
M. Ivančević,63,OB,OB,"LCB, CB, RCB",23,450000,2025-06-30,8,702,0,0.24,0,0.12,13.85,74.07,Serbia,Serbia,right,187,80,no,8.85,4.49,77.14,5.0,64.1,0.0,0.0,0.51,5.38,7.37,0.77,2,0.26,0,0.0,0.9,0.0,0,0.0,0.03,0,0.0,1,0.13,0.0,0.0,0.0,0.13,0.0,0.0,0.0,0.13,0.0,0.0,0.9,100.0,1.67,84.62,0.51,0.26,0.13,41.92,0.51,1.03,56.54,90.25,19.49,78.29,2.31,94.44,31.79,96.37,51.54,94.78,4.87,44.74,22.14,41.48,0.02,0.13,0.0,0.0,0.13,0.0,0.0,4.62,50.0,0.26,0.0,0.26,0.0,0.13,0.0,6.41,64.0,0,,0,,0,0.0,0.0,0.0,,,1.28,,,0.0,0.0,0.0,0.0,0,0
V. Lind,63,Midtjylland,Midtjylland,"CF, LWF",19,1000000,2026-12-31,20,598,3,2.18,0,0.19,23.63,37.58,Denmark,Denmark,right,0,0,no,7.07,8.43,58.93,4.52,33.33,0.0,0.0,0.45,2.11,3.31,1.96,1,0.15,0,0.0,2.41,0.45,3,0.45,0.33,0,0.0,16,2.41,56.25,18.75,0.0,0.15,100.0,0.0,0.0,0.15,100.0,0.0,1.35,44.44,4.82,15.63,3.61,0.9,0.15,15.5,1.96,0.3,18.66,68.55,4.06,44.44,4.52,83.33,4.97,81.82,17.76,70.34,0.75,20.0,17.22,7.58,0.03,0.75,0.0,0.0,0.45,66.67,0.0,1.66,27.27,0.3,50.0,0.6,50.0,0.45,0.15,2.56,41.18,0,,0,,0,0.0,0.0,0.0,,,0.3,,,0.0,0.0,0.0,0.0,0,0
A. Nagalo,63,Nordsjælland,Nordsjælland,"LCB, RCB",19,1000000,,27,2192,1,1.04,1,0.37,14.37,54.57,Côte d'Ivoire,Côte d'Ivoire,right,185,75,no,7.55,4.43,62.96,4.11,50.0,0.29,0.37,0.41,4.48,5.78,1.15,4,0.16,1,0.04,1.48,0.04,1,0.04,0.04,1,0.04,9,0.37,22.22,11.111,0.04,0.12,0.0,0.08,0.0,0.04,0.0,0.0,1.68,78.05,3.2,56.41,0.7,1.77,0.21,44.38,0.29,0.53,60.89,89.75,23.49,80.59,3.33,97.53,27.71,96.74,55.55,93.57,5.21,51.18,20.05,41.52,0.02,0.16,0.0,0.0,0.21,40.0,0.08,7.1,64.16,1.03,28.0,0.37,22.22,0.21,0.0,7.68,71.12,0,,0,,0,0.0,0.0,0.0,,,1.89,,,0.0,0.0,0.0,0.0,0,0
K. Høgh,63,AaB,AaB,"CF, LWF",21,200000,2026-06-30,16,712,3,2.82,0,0.15,27.81,34.09,Denmark,Denmark,right,186,61,no,3.92,4.04,53.13,9.35,40.54,0.51,0.66,0.13,1.26,1.64,1.77,2,0.25,0,0.0,1.39,0.38,3,0.38,0.36,1,0.13,18,2.28,33.33,16.667,0.0,0.51,0.0,0.0,0.0,0.51,0.0,0.0,0.88,57.14,7.08,23.21,2.78,0.25,0.25,8.34,2.78,0.76,13.65,70.37,3.41,59.26,4.42,80.0,3.29,69.23,12.77,73.27,0.51,50.0,12.57,8.87,0.02,0.63,0.0,0.0,0.13,100.0,0.0,1.14,44.44,0.51,50.0,0.25,50.0,0.38,0.0,0.88,42.86,0,,0,,0,0.0,0.0,0.0,,,0.0,,,0.0,0.0,0.0,0.13,0,0
H. Andersson,63,Randers,Randers,"LCB, RCB",23,350000,2025-06-30,9,454,0,0.17,0,0.0,20.42,60.19,Sweden,Sweden,right,196,86,no,9.32,6.74,58.82,7.33,59.46,0.2,0.24,0.59,5.15,6.14,1.39,4,0.79,0,0.0,0.2,0.0,0,0.0,0.03,0,0.0,1,0.2,100.0,0.0,0.0,0.0,0.0,0.0,0.0,0.0,0.0,0.0,0.2,0.0,0.99,40.0,0.79,0.0,0.0,14.47,0.0,0.99,26.76,82.22,10.9,63.64,1.59,100.0,11.3,98.25,23.99,89.26,2.78,21.43,17.64,18.98,0.0,0.0,0.0,0.0,0.2,0.0,0.0,2.38,66.67,0.2,0.0,0.0,0.0,0.0,0.0,3.77,36.84,0,,0,,0,0.0,0.0,0.0,,,1.59,,,0.0,0.0,0.0,0.0,0,0
M. Opondo,63,Horsens,OB,"LAMF, RAMF, LW",24,300000,2026-06-30,13,420,1,0.61,2,0.31,24.21,37.17,Denmark,"Denmark, Uganda",right,173,72,no,7.29,6.43,66.67,3.21,40.0,0.0,0.0,0.0,3.0,4.08,0.86,0,0.0,0,0.0,1.93,0.21,1,0.21,0.13,0,0.0,4,0.86,75.0,25.0,0.43,1.07,0.0,0.43,0.0,0.64,0.0,0.21,2.79,46.15,10.93,27.45,2.14,1.71,1.07,17.14,1.07,0.86,27.86,74.62,8.57,60.0,6.0,92.86,8.57,77.5,25.29,77.97,1.5,71.43,14.42,13.22,0.07,0.86,0.0,0.0,0.43,0.0,0.64,3.86,72.22,1.93,33.33,0.21,0.0,1.5,0.0,3.64,70.59,0,,0,,0,0.0,0.0,0.0,,,0.21,,,0.0,0.0,0.0,0.0,0,0
A. Oggesen,63,Silkeborg,Silkeborg,"LCMF, RCMF",28,250000,2024-06-30,22,812,0,1.03,0,0.08,13.52,47.54,Denmark,Denmark,right,182,65,no,7.32,6.21,64.29,1.55,21.43,0.11,0.14,0.22,3.21,4.14,0.55,0,0.0,0,0.0,1.77,0.0,0,0.0,0.11,0,0.0,14,1.55,28.57,0.0,0.0,1.0,0.0,0.67,0.0,0.33,0.0,0.11,2.0,50.0,3.99,38.89,2.44,2.44,2.22,50.21,0.44,0.33,61.74,86.71,16.51,74.5,12.3,95.5,19.29,90.8,57.86,89.08,2.99,66.67,15.11,23.52,0.01,0.67,0.0,0.0,0.67,50.0,0.0,8.42,84.21,1.88,47.06,0.55,40.0,1.0,0.0,6.76,68.85,0,,0,,0,0.0,0.0,0.0,,,0.55,,,0.0,0.0,0.0,0.11,0,0
J. Lauridsen,63,Randers,Randers,"LB, LCB",31,250000,2025-06-30,20,513,0,0.0,0,1.02,15.79,64.44,Denmark,Denmark,left,180,78,no,8.6,8.07,76.09,2.81,50.0,0.35,0.47,0.7,2.11,2.83,0.7,2,0.35,0,0.0,1.05,0.0,0,0.0,0.0,0,0.0,0,0.0,0.0,0.0,0.0,2.63,40.0,1.75,40.0,0.88,40.0,0.0,0.0,0.0,1.75,60.0,0.35,0.35,0.0,27.37,1.4,0.88,40.7,81.47,16.84,76.04,4.74,96.3,13.68,91.03,32.81,88.24,5.26,60.0,18.64,22.22,0.18,1.4,0.0,0.0,0.0,0.0,0.18,5.96,73.53,2.28,61.54,0.18,0.0,0.18,1.05,8.6,83.67,0,,0,,0,0.0,0.0,0.0,,,1.93,,,0.88,0.0,0.0,2.98,0,0
M. Divković,62,Brøndby,Brøndby,"CF, AMF, RWF",23,700000,2026-06-30,23,1396,1,3.35,0,1.44,20.11,36.54,Croatia,Croatia,left,181,74,no,3.48,2.58,57.5,2.77,44.19,0.26,0.33,0.19,1.74,2.24,0.52,3,0.19,0,0.0,3.09,0.06,1,0.06,0.22,0,0.0,37,2.39,29.73,2.703,0.0,1.1,52.94,0.58,66.67,0.52,37.5,0.19,3.42,52.83,11.09,31.98,3.8,0.84,0.58,13.67,1.42,1.81,19.21,78.19,3.48,59.26,6.51,87.13,5.67,78.41,16.57,82.88,1.55,45.83,16.87,20.38,0.09,0.71,0.0,0.0,0.13,0.0,0.13,1.55,37.5,1.55,62.5,0.19,33.33,0.71,0.58,1.68,65.38,0,,0,,0,0.0,0.0,0.0,,,0.06,,,0.13,0.13,50.0,2.06,0,0
S. Berger,62,Viborg,Viborg,"RCMF, LCMF",19,250000,2024-12-31,22,488,0,0.36,1,0.46,19.18,33.65,Denmark,Denmark,left,0,0,no,5.9,7.75,42.86,1.48,0.0,0.0,0.0,0.37,2.58,3.82,2.58,1,0.18,0,0.0,2.03,0.0,0,0.0,0.07,0,0.0,4,0.74,75.0,0.0,0.18,0.74,50.0,0.55,33.33,0.18,100.0,0.18,2.21,33.33,7.19,30.77,0.74,2.03,1.48,14.39,0.37,0.74,25.82,77.14,7.38,52.5,5.9,100.0,7.38,82.5,23.98,80.0,1.11,33.33,14.09,8.79,0.09,0.74,0.18,0.0,0.92,40.0,0.37,2.77,53.33,1.48,50.0,0.55,0.0,0.18,0.37,2.77,46.67,0,,0,,0,0.0,0.0,0.0,,,0.18,,,0.0,0.0,0.0,0.0,0,0
Z. Duncan,62,AGF,AGF,"LCMF, DMF",22,300000,2025-12-31,6,204,0,0.0,0,0.02,18.09,34.15,Australia,Australia,right,183,75,no,5.29,5.74,46.15,2.65,50.0,0.88,0.98,0.0,1.76,1.97,2.21,0,0.0,0,0.0,0.88,0.0,0,0.0,0.0,0,0.0,0,0.0,0.0,0.0,0.0,0.44,0.0,0.0,0.0,0.44,0.0,0.0,1.76,50.0,4.41,30.0,0.88,0.88,0.88,12.35,0.88,0.44,27.35,77.42,8.82,65.0,6.62,100.0,8.38,84.21,25.15,84.21,1.76,0.0,14.88,11.25,0.01,0.44,0.0,0.0,0.0,0.0,0.0,3.53,62.5,0.88,50.0,0.44,0.0,0.44,0.0,2.21,40.0,0,,0,,0,0.0,0.0,0.0,,,0.88,,,0.0,0.0,0.0,0.0,0,0
N. Mickelson,62,OB,OB,RB,23,450000,2025-06-30,24,2180,0,0.11,2,1.99,22.25,47.87,Norway,Norway,right,185,80,no,9.21,8.13,52.79,1.82,38.64,0.29,0.37,0.21,4.62,5.92,0.83,2,0.08,0,0.0,3.67,0.0,0,0.0,0.0,0,0.0,5,0.21,0.0,0.0,0.08,2.68,30.77,0.0,0.0,2.64,31.25,0.21,3.96,69.79,8.88,50.23,0.37,3.39,1.65,27.78,1.28,1.53,40.46,83.88,10.65,68.6,10.73,96.54,12.96,86.31,34.64,91.3,3.3,46.25,18.17,32.98,0.08,0.54,0.04,0.04,0.08,100.0,0.29,2.64,56.25,2.89,44.29,0.5,66.67,0.5,0.91,6.73,68.71,0,,0,,0,0.0,0.0,0.0,,,1.28,,,0.04,0.04,0.0,0.12,0,0
C. Björk,62,Brøndby,Brøndby,CF,22,400000,2026-06-30,11,370,0,2.25,0,0.05,23.35,36.46,Sweden,Sweden,right,184,74,no,4.14,4.14,70.59,3.41,28.57,0.0,0.0,0.0,1.22,1.58,1.46,1,0.24,0,0.0,3.41,0.0,0,0.0,0.55,0,0.0,11,2.68,36.36,0.0,0.0,0.24,100.0,0.0,0.0,0.24,100.0,0.0,2.92,75.0,9.73,35.0,3.65,1.46,1.22,7.3,2.68,1.7,10.22,69.05,1.7,57.14,3.16,84.62,2.19,88.89,9.97,68.29,0.0,0.0,11.31,0.0,0.01,0.24,0.24,0.0,0.24,0.0,0.0,0.73,33.33,1.46,50.0,0.0,0.0,0.73,0.24,1.46,66.67,0,,0,,0,0.0,0.0,0.0,,,0.0,,,0.0,0.0,0.0,0.0,0,0
J. Žambůrek,62,Viborg,Viborg,"LCMF, RWF, RCMF",21,500000,2025-06-30,14,427,0,0.33,1,0.37,24.03,36.84,Czech Republic,Czech Republic,left,182,70,no,5.48,5.27,44.0,1.05,20.0,0.42,0.62,0.0,2.74,4.02,1.9,3,0.63,0,0.0,4.43,0.0,0,0.0,0.07,0,0.0,5,1.05,20.0,0.0,0.21,1.26,33.33,0.42,0.0,0.84,50.0,0.63,6.32,56.67,14.33,38.24,1.69,1.48,0.0,30.14,1.69,1.48,38.57,84.7,9.06,67.44,10.75,94.12,11.8,87.5,35.2,88.62,2.11,50.0,16.83,15.3,0.08,0.42,0.0,0.0,0.42,50.0,0.21,4.43,71.43,2.53,25.0,0.84,50.0,0.63,0.63,3.37,81.25,0,,0,,0,0.0,0.0,0.0,,,0.21,,,0.0,0.0,0.0,0.0,0,0
M. Kaalund,62,Silkeborg,Silkeborg,LCMF,25,300000,2024-06-30,7,459,0,0.42,0,0.24,20.39,39.42,Denmark,Denmark,right,183,75,no,7.84,7.25,45.95,2.55,30.77,0.0,0.0,0.2,4.51,5.11,1.57,2,0.39,0,0.0,1.96,0.0,0,0.0,0.08,0,0.0,8,1.57,50.0,0.0,0.0,0.78,50.0,0.59,66.67,0.2,0.0,0.2,0.78,100.0,5.69,27.59,2.55,1.76,0.78,44.31,0.59,0.78,58.82,86.67,16.47,77.38,11.96,100.0,16.67,90.59,54.31,89.53,3.73,52.63,15.18,27.51,0.05,0.98,0.0,0.0,0.2,0.0,0.0,6.27,75.0,1.37,71.43,0.39,0.0,1.37,0.39,7.06,61.11,0,,0,,0,0.0,0.0,0.0,,,0.78,,,0.0,0.0,0.0,0.98,0,0
G. Dahl,62,Silkeborg,Silkeborg,LB,26,300000,2023-06-30,10,944,0,0.18,0,1.04,15.06,52.53,Denmark,Denmark,left,181,75,no,9.72,7.63,65.0,2.86,33.33,0.19,0.21,0.1,4.58,5.12,1.05,2,0.19,0,0.0,1.43,0.0,0,0.0,0.02,0,0.0,3,0.29,33.33,0.0,0.0,1.91,40.0,1.91,40.0,0.0,0.0,0.19,0.57,66.67,2.19,34.78,0.86,1.53,0.67,31.75,3.43,0.19,43.38,84.18,13.16,73.91,7.82,97.56,14.11,86.49,38.71,88.92,2.96,48.39,16.89,29.99,0.1,1.05,0.0,0.0,0.57,33.33,0.29,3.24,67.65,2.29,62.5,0.38,25.0,0.76,0.67,7.34,63.64,0,,0,,0,0.0,0.0,0.0,,,0.19,,,0.19,0.0,0.0,0.0,0,0
A. Ementa,61,AaB U19,AaB,"CF, LWF",20,50000,2023-12-31,14,246,0,0.78,1,0.19,50.85,36.69,Denmark,Denmark,right,202,84,no,5.49,5.85,31.25,20.12,43.64,1.46,2.45,0.37,2.2,3.67,3.66,1,0.37,0,0.0,2.56,0.0,0,0.0,0.28,0,0.0,4,1.46,25.0,0.0,0.37,0.0,0.0,0.0,0.0,0.0,0.0,0.0,3.29,44.44,13.54,29.73,2.56,0.73,0.37,7.32,0.0,0.37,15.37,73.81,3.66,40.0,3.66,100.0,4.76,76.92,14.27,76.92,1.1,33.33,13.43,5.27,0.07,1.46,0.0,0.0,1.1,66.67,1.1,1.83,80.0,0.73,50.0,1.46,50.0,1.46,0.0,2.93,75.0,0,,0,,0,0.0,0.0,0.0,,,0.0,,,0.0,0.0,0.0,0.0,0,0
I. Said,61,Viborg,Viborg,"LWF, LW, RW",20,300000,2024-06-30,20,648,1,0.72,1,0.55,27.64,43.22,Nigeria,Nigeria,right,173,67,no,6.67,6.53,53.19,2.36,35.29,0.0,0.0,0.28,3.19,4.39,0.83,2,0.28,0,0.0,5.28,0.14,1,0.14,0.1,0,0.0,11,1.53,27.27,9.091,0.14,1.53,27.27,0.56,25.0,0.97,28.57,0.0,7.22,59.62,15.14,43.12,1.67,3.61,2.08,17.92,1.25,0.97,26.67,75.0,6.94,64.0,6.81,89.8,7.08,66.67,23.33,80.36,1.81,46.15,15.98,16.01,0.08,0.97,0.28,0.0,0.28,50.0,0.42,2.64,52.63,2.36,47.06,0.56,50.0,1.11,0.42,2.64,68.42,0,,0,,0,0.0,0.0,0.0,,,0.0,,,0.0,0.0,0.0,0.0,0,0
J. Breum,61,OB,OB,"LAMF, RAMF",18,500000,2026-06-30,21,906,4,3.05,0,1.38,23.64,44.96,Denmark,Denmark,right,0,0,no,6.06,6.66,56.72,2.78,21.43,0.1,0.13,0.0,2.19,2.91,0.6,0,0.0,0,0.0,4.67,0.4,4,0.4,0.3,0,0.0,25,2.48,48.0,16.0,0.0,2.38,16.67,0.89,22.22,1.49,13.33,0.5,5.07,54.9,10.53,45.28,3.77,1.69,1.39,19.47,1.29,1.79,27.32,74.18,6.66,56.72,6.46,90.77,9.34,77.66,23.15,82.83,2.19,31.82,19.54,25.86,0.14,1.29,0.0,0.1,0.5,60.0,0.6,2.68,59.26,2.88,48.28,0.79,50.0,1.19,0.5,4.27,69.77,0,,0,,0,0.0,0.0,0.0,,,0.1,,,0.3,0.0,0.0,0.0,0,0
S. Tengstedt,61,Silkeborg,Silkeborg,"AMF, RWF, CF",22,300000,2024-06-30,23,407,2,2.41,1,0.97,28.08,37.01,Denmark,Denmark,left,187,82,no,6.41,7.3,63.64,1.11,0.0,0.22,0.31,0.0,1.55,2.16,0.88,1,0.22,0,0.0,2.21,0.44,2,0.44,0.53,0,0.0,9,1.99,33.33,22.222,0.22,0.0,0.0,0.0,0.0,0.0,0.0,0.0,4.2,36.84,14.59,30.3,1.77,2.43,1.55,20.12,0.66,0.22,28.08,92.91,5.97,92.59,8.4,92.11,7.52,94.12,27.86,92.86,0.22,100.0,13.68,2.01,0.22,0.88,0.0,0.0,0.0,0.0,0.66,1.99,100.0,0.44,100.0,0.0,0.0,0.66,0.0,2.43,63.64,0,,0,,0,0.0,0.0,0.0,,,0.22,,,0.0,0.0,0.0,1.33,0,0
O. Ross,60,AaB U19,AaB,"RCMF, LCMF, RWB",17,100000,2025-06-30,11,392,0,0.51,0,0.05,24.34,41.51,Denmark,Denmark,,0,0,no,7.81,7.12,61.29,2.53,9.09,1.38,1.86,0.0,2.07,2.78,1.61,2,0.46,0,0.0,4.13,0.0,0,0.0,0.12,0,0.0,5,1.15,40.0,0.0,0.0,1.84,12.5,0.92,0.0,0.92,25.0,0.23,5.28,56.52,11.25,38.78,1.38,0.92,0.46,17.68,0.46,2.53,26.4,75.65,6.66,51.72,6.66,93.1,8.04,80.0,22.73,83.84,1.84,37.5,20.96,20.99,0.01,0.23,0.0,0.0,0.92,50.0,0.23,4.13,55.56,2.07,55.56,1.38,33.33,0.69,0.23,4.36,57.89,0,,0,,0,0.0,0.0,0.0,,,1.15,,,0.0,0.0,0.0,0.0,0,0
D. Svensson,60,Nordsjælland,Nordsjælland,"LB, LWB",20,600000,2025-06-30,27,1149,1,0.63,0,0.33,14.26,57.69,Sweden,Sweden,left,178,72,no,8.93,6.97,68.54,2.11,33.33,0.23,0.32,0.23,3.92,5.34,0.7,1,0.08,0,0.0,2.11,0.08,1,0.08,0.05,1,0.08,8,0.63,37.5,12.5,0.0,1.64,38.1,1.49,36.84,0.16,50.0,0.16,1.8,56.52,3.21,60.98,1.33,0.86,0.16,33.76,2.35,0.63,45.9,85.15,15.27,71.79,10.57,98.52,13.0,88.55,41.83,89.33,2.51,43.75,18.15,20.07,0.03,0.39,0.0,0.0,0.39,60.0,0.16,4.46,59.65,2.19,50.0,0.31,25.0,0.7,0.78,7.36,67.02,0,,0,,0,0.0,0.0,0.0,,,1.02,,,0.23,0.0,0.0,0.39,0,0
M. Hannesbo,60,AaB,AaB,"LWB, LB, CF",20,400000,2025-06-30,12,237,0,0.03,0,0.26,18.23,33.33,Denmark,Denmark,left,185,76,no,5.32,6.08,37.5,3.04,12.5,0.0,0.0,0.0,3.04,4.44,1.14,0,0.0,0,0.0,2.28,0.0,0,0.0,0.01,0,0.0,1,0.38,100.0,0.0,0.0,4.56,25.0,4.18,27.27,0.38,0.0,1.14,1.9,40.0,4.94,30.77,3.04,1.14,1.14,21.65,1.52,0.38,31.9,75.0,7.59,60.0,7.59,95.0,11.39,66.67,25.44,86.57,1.9,40.0,18.18,15.79,0.1,0.76,0.0,0.0,0.38,0.0,0.38,3.42,66.67,3.42,22.22,0.38,0.0,0.38,0.38,2.28,83.33,0,,0,,0,0.0,0.0,0.0,,,1.52,,,0.0,0.0,0.0,0.0,0,0
F. Bundgaard,60,Randers U19,Randers,"RW, AMF, CF",18,300000,2023-06-30,15,313,0,0.37,0,0.42,33.07,33.04,Denmark,Denmark,left,176,67,no,7.48,8.91,41.94,7.19,16.0,0.29,0.42,0.0,3.45,5.0,1.73,2,0.58,0,0.0,4.31,0.0,0,0.0,0.11,0,0.0,8,2.3,50.0,0.0,0.0,0.29,0.0,0.0,0.0,0.29,0.0,0.0,6.33,45.45,12.94,33.33,2.3,2.88,2.3,15.24,0.86,1.44,20.42,69.01,6.61,56.52,4.03,78.57,4.6,81.25,18.4,70.31,1.73,66.67,13.11,13.54,0.12,0.86,0.0,0.0,1.15,25.0,0.29,3.16,45.45,0.29,100.0,1.15,25.0,0.86,0.0,3.45,58.33,0,,0,,0,0.0,0.0,0.0,,,0.29,,,0.0,0.0,0.0,1.73,0,0
R. Østrøm,60,Silkeborg,OB,"RB, LB",20,350000,2026-06-30,11,702,0,0.05,0,1.05,17.69,50.72,Denmark,"Denmark, Norway",right,188,80,no,9.49,9.74,52.63,2.05,50.0,0.13,0.17,0.26,4.23,5.63,1.28,0,0.0,0,0.0,1.28,0.0,0,0.0,0.01,0,0.0,1,0.13,0.0,0.0,0.0,1.41,36.36,0.0,0.0,1.41,36.36,0.0,1.15,55.56,3.46,33.33,0.64,1.41,0.64,26.92,1.15,0.13,41.28,80.43,15.38,69.17,5.51,97.67,13.97,86.24,37.05,83.74,2.82,59.09,17.18,27.53,0.13,0.77,0.13,0.0,0.51,25.0,0.64,4.23,72.73,1.67,61.54,0.38,33.33,0.64,0.51,9.36,72.6,0,,0,,0,0.0,0.0,0.0,,,1.15,,,0.0,0.0,0.0,0.0,0,0
M. Fenger,60,OB,OB,"CF, LAMF",21,500000,2025-06-30,32,1750,6,4.13,0,0.81,26.74,36.73,Denmark,Denmark,right,182,66,no,4.32,4.53,54.55,7.51,34.93,0.05,0.07,0.1,1.8,2.48,1.03,0,0.0,0,0.0,1.95,0.31,6,0.31,0.21,1,0.05,24,1.23,41.67,25.0,0.0,0.21,0.0,0.15,0.0,0.0,0.0,0.15,2.47,56.25,9.46,32.07,2.98,1.54,0.87,9.0,1.85,1.29,14.71,83.57,2.62,72.55,4.94,91.67,3.55,84.06,14.3,85.97,0.21,0.0,13.05,3.89,0.04,0.72,0.05,0.0,0.15,33.33,0.36,1.75,79.41,0.41,50.0,0.15,33.33,0.77,0.0,1.18,73.91,0,,0,,0,0.0,0.0,0.0,,,0.0,,,0.0,0.0,0.0,0.0,0,0
A. Jatta,60,Viborg,Viborg,CF,23,300000,2024-06-30,26,732,3,4.26,0,0.77,22.62,38.59,Gambia,Gambia,right,192,75,no,4.3,2.83,73.91,7.99,36.92,0.25,0.37,0.0,1.97,2.96,0.98,0,0.0,0,0.0,1.35,0.37,3,0.37,0.52,1,0.12,15,1.84,40.0,20.0,0.0,0.25,50.0,0.12,100.0,0.12,0.0,0.0,0.74,66.67,7.5,27.87,3.32,0.49,0.12,8.85,1.97,0.37,15.12,81.3,2.21,61.11,4.18,94.12,5.53,82.22,14.88,81.82,0.12,0.0,14.79,2.32,0.09,0.37,0.0,0.0,0.49,0.0,0.12,0.61,40.0,0.61,40.0,0.37,0.0,0.25,0.12,0.86,42.86,0,,0,,0,0.0,0.0,0.0,,,0.0,,,0.0,0.0,0.0,0.0,0,0
N. Brock-Madsen,60,Randers,Randers,CF,29,350000,2023-06-30,19,635,1,1.45,0,0.15,37.98,35.07,Denmark,Denmark,right,191,88,no,3.97,5.67,47.5,12.33,41.38,0.14,0.18,0.28,1.13,1.42,2.69,2,0.28,0,0.0,1.42,0.14,1,0.14,0.21,1,0.14,7,0.99,57.14,14.286,0.0,0.0,0.0,0.0,0.0,0.0,0.0,0.0,1.28,55.56,10.2,23.61,1.98,0.43,0.14,8.79,2.13,0.85,16.16,74.56,2.69,52.63,4.96,85.71,2.69,78.95,16.02,74.34,0.14,100.0,10.41,1.34,0.02,0.57,0.0,0.0,0.14,100.0,0.14,0.99,71.43,0.43,66.67,0.14,100.0,0.43,0.0,0.99,42.86,0,,0,,0,0.0,0.0,0.0,,,0.0,,,0.0,0.0,0.0,0.0,0,0
L. Walta,58,Nordsjælland,Nordsjælland,"RCMF, LCMF",19,400000,,14,464,0,0.39,1,0.86,20.75,43.93,Finland,Finland,right,0,0,no,9.89,11.25,53.45,0.97,0.0,0.39,0.57,0.19,3.49,5.14,1.55,2,0.39,0,0.0,0.58,0.0,0,0.0,0.08,0,0.0,3,0.58,33.33,0.0,0.19,0.78,25.0,0.58,33.33,0.19,0.0,0.0,1.75,11.11,5.24,29.63,0.97,0.97,0.0,33.75,0.39,0.97,50.04,80.62,15.71,59.26,8.92,100.0,19.2,85.86,41.51,86.92,8.15,50.0,18.48,35.27,0.17,1.75,0.0,0.0,1.16,0.0,0.58,11.06,68.42,3.1,37.5,1.55,25.0,0.78,0.19,8.34,74.42,0,,0,,0,0.0,0.0,0.0,,,0.39,,,1.16,0.0,0.0,3.49,0,0
M. Enggård,58,Randers U19,Randers,"LDMF, RDMF, RCMF",18,200000,2025-06-30,7,176,0,0.0,0,0.0,16.88,51.52,Denmark,Denmark,right,179,65,no,8.69,12.27,54.17,0.51,100.0,0.0,0.0,0.51,2.05,2.61,1.53,0,0.0,0,0.0,0.0,0.0,0,0.0,0.0,0,0.0,0,0.0,0.0,0.0,0.0,0.0,0.0,0.0,0.0,0.0,0.0,0.0,0.51,0.0,2.56,40.0,0.51,0.51,0.51,24.55,0.0,0.51,38.86,86.84,9.2,77.78,8.69,88.24,10.23,95.0,35.28,89.86,3.58,57.14,13.19,18.47,0.0,0.51,0.0,0.0,0.0,0.0,0.0,3.58,71.43,0.51,100.0,0.51,100.0,0.51,0.0,6.14,41.67,0,,0,,0,0.0,0.0,0.0,,,1.02,,,0.0,0.0,0.0,0.0,0,0
A. Lind,58,Silkeborg,Silkeborg,CF,20,250000,2025-12-31,6,245,1,0.48,0,0.16,25.35,24.64,Denmark,Denmark,right,186,85,no,3.31,2.94,25.0,2.2,0.0,0.73,0.8,0.37,1.84,2.0,0.37,0,0.0,0,0.0,2.57,0.37,1,0.37,0.18,0,0.0,5,1.84,60.0,20.0,0.0,0.0,0.0,0.0,0.0,0.0,0.0,0.0,4.78,30.77,15.06,34.15,4.41,2.57,1.1,6.24,0.37,0.37,11.39,74.19,2.2,83.33,0.73,50.0,3.67,60.0,11.39,74.19,0.0,0.0,7.83,0.0,0.06,0.73,0.0,0.0,0.0,0.0,0.37,0.73,100.0,0.37,100.0,0.0,0.0,0.73,0.0,0.37,100.0,0,,0,,0,0.0,0.0,0.0,,,0.0,,,0.0,0.0,0.0,0.0,0,0
E. Ogura,57,Nordsjælland,Nordsjælland,GK,20,200000,,7,687,0,0.0,0,0.0,3.41,96.15,Ghana,Ghana,,0,0,no,1.44,0.13,100.0,2.36,100.0,0.0,0.0,0.0,1.31,1.62,0.0,1,0.13,0,0.0,0.0,0.0,0,0.0,0.0,0,0.0,0,0.0,0.0,0.0,0.0,0.0,0.0,0.0,0.0,0.0,0.0,0.0,0.0,0.0,0.0,0.0,0.0,0.0,0.0,16.38,0.26,0.26,26.59,74.88,13.76,57.14,0.0,0.0,11.0,94.05,17.82,96.32,8.78,31.34,30.63,49.68,0.0,0.0,0.0,0.0,0.0,0.0,0.0,2.1,25.0,0.39,0.0,0.0,0.0,0.0,0.0,6.42,38.78,16,2.1,44,5.76,0,63.64,11.46,1.5,-4.54,-0.595,0.0,4.32,2.36,,,,0.0,0,0
P. Mattsson,57,Silkeborg,Silkeborg,"DMF, RCMF",21,150000,2024-12-31,18,255,0,0.15,0,0.0,24.71,61.43,Denmark,Denmark,right,181,74,no,15.88,11.65,75.76,4.59,61.54,0.35,0.54,0.0,6.71,10.18,1.76,0,0.0,0,0.0,0.35,0.0,0,0.0,0.05,0,0.0,2,0.71,0.0,0.0,0.0,0.0,0.0,0.0,0.0,0.0,0.0,0.0,1.41,25.0,4.59,23.08,0.71,2.82,0.0,56.12,0.35,0.0,73.41,89.42,25.76,78.08,10.24,100.0,26.82,93.42,69.53,92.39,3.88,36.36,13.48,10.35,0.0,0.0,0.0,0.0,0.35,0.0,0.0,10.59,80.0,2.12,33.33,1.06,0.0,1.06,0.0,10.24,79.31,0,,0,,0,0.0,0.0,0.0,,,1.06,,,0.0,0.0,0.0,0.0,0,0
M. Søndergaard,56,Viborg,Viborg,"RCMF, LCMF",19,150000,2023-06-30,6,178,0,0.41,0,0.55,19.72,38.46,Denmark,Denmark,right,0,0,no,7.58,7.08,64.29,2.53,20.0,1.01,1.36,0.51,2.02,2.73,1.01,0,0.0,0,0.0,1.52,0.0,0,0.0,0.21,0,0.0,2,1.01,50.0,0.0,0.0,0.51,100.0,0.0,0.0,0.51,100.0,0.0,0.51,0.0,7.08,21.43,2.53,0.51,0.51,29.33,1.01,1.01,40.45,88.75,13.15,80.77,10.11,95.0,13.15,88.46,37.92,92.0,2.02,25.0,16.88,20.33,0.28,1.52,0.0,0.0,0.51,100.0,1.01,6.57,76.92,1.52,66.67,0.51,0.0,1.52,0.51,5.06,80.0,0,,0,,0,0.0,0.0,0.0,,,0.0,,,0.0,0.0,0.0,0.0,0,0
A. Gaaei,55,Viborg U19,Viborg,"RWF, RW",19,150000,2023-06-30,6,256,0,0.33,0,0.28,28.13,46.25,Denmark,Denmark,,0,0,no,8.44,8.79,64.0,4.92,28.57,0.0,0.0,0.35,2.81,3.69,1.41,1,0.35,0,0.0,6.33,0.0,0,0.0,0.12,0,0.0,6,2.11,50.0,0.0,0.0,4.22,25.0,0.0,0.0,4.22,25.0,1.05,6.68,63.16,11.25,46.88,2.46,1.76,1.76,19.34,2.46,0.35,27.77,64.56,5.98,47.06,6.33,100.0,11.25,59.38,21.09,76.67,2.81,25.0,18.05,17.65,0.1,1.05,0.0,0.0,0.0,0.0,0.35,4.22,50.0,5.63,37.5,0.0,0.0,1.41,0.35,3.87,81.82,0,,0,,0,0.0,0.0,0.0,,,0.0,,,0.0,0.0,0.0,0.0,0,0
